Timestamp,Value
2024-11-11 00:00:00,-583.17
2024-11-11 00:03:00,-576.84
2024-11-11 00:06:00,-574.22
2024-11-11 00:09:00,-573.67
2024-11-11 00:12:00,-542.55
2024-11-11 00:15:00,-523.77
2024-11-11 00:18:00,-528.64
2024-11-11 00:21:00,-529.49
2024-11-11 00:24:00,-536.46
2024-11-11 00:27:00,-538.81
2024-11-11 00:30:00,-554.28
2024-11-11 00:33:00,-551.66
2024-11-11 00:36:00,-521.16
2024-11-11 00:39:00,-542.9
2024-11-11 00:42:00,-567.18
2024-11-11 00:45:00,-553.06
2024-11-11 00:48:00,-542.42
2024-11-11 00:51:00,-574.6
2024-11-11 00:54:00,-565.52
2024-11-11 00:57:00,-508.58
2024-11-11 01:00:00,-531.37
2024-11-11 01:03:00,-528.08
2024-11-11 01:06:00,-535.74
2024-11-11 01:09:00,-504.16
2024-11-11 01:12:00,-497.14
2024-11-11 01:15:00,-489.1
2024-11-11 01:18:00,-506.92
2024-11-11 01:21:00,-511.53
2024-11-11 01:24:00,-505.56
2024-11-11 01:27:00,-500.34
2024-11-11 01:30:00,-502.99
2024-11-11 01:33:00,-463.2
2024-11-11 01:36:00,-456.83
2024-11-11 01:39:00,-487.28
2024-11-11 01:42:00,-456.03
2024-11-11 01:45:00,-446.7
2024-11-11 01:48:00,-428.27
2024-11-11 01:51:00,-451.53
2024-11-11 01:54:00,-416.02
2024-11-11 01:57:00,-329.5
2024-11-11 02:00:00,-303.13
2024-11-11 02:03:00,-252.39
2024-11-11 02:06:00,-242.87
2024-11-11 02:09:00,-242.33
2024-11-11 02:12:00,-230.56
2024-11-11 02:15:00,-245.33
2024-11-11 02:18:00,-255.92
2024-11-11 02:21:00,-246.25
2024-11-11 02:24:00,-273.3
2024-11-11 02:27:00,-261.65
2024-11-11 02:30:00,-267.05
2024-11-11 02:33:00,-267.01
2024-11-11 02:36:00,-275.33
2024-11-11 02:39:00,-269.62
2024-11-11 02:42:00,-286.38
2024-11-11 02:45:00,-320.19
2024-11-11 02:48:00,-303.6
2024-11-11 02:51:00,-294.75
2024-11-11 02:54:00,-289.03
2024-11-11 02:57:00,-277.4
2024-11-11 03:00:00,-304.51
2024-11-11 03:03:00,-330.99
2024-11-11 03:06:00,-275.3
2024-11-11 03:09:00,-296.65
2024-11-11 03:12:00,-309.41
2024-11-11 03:15:00,-271.78
2024-11-11 03:18:00,-257.41
2024-11-11 03:21:00,-253.21
2024-11-11 03:24:00,-229.22
2024-11-11 03:27:00,-251.78
2024-11-11 03:30:00,-247.08
2024-11-11 03:33:00,-272.37
2024-11-11 03:36:00,-285.84
2024-11-11 03:39:00,-292.73
2024-11-11 03:42:00,-323.35
2024-11-11 03:45:00,-338.24
2024-11-11 03:48:00,-305.65
2024-11-11 03:51:00,-318.77
2024-11-11 03:54:00,-323.84
2024-11-11 03:57:00,-353.23
2024-11-11 04:00:00,-397.39
2024-11-11 04:03:00,-391.69
2024-11-11 04:06:00,-420.91
2024-11-11 04:09:00,-434.62
2024-11-11 04:12:00,-455.8
2024-11-11 04:15:00,-462.15
2024-11-11 04:18:00,-470.42
2024-11-11 04:21:00,-439.01
2024-11-11 04:24:00,-432.1
2024-11-11 04:27:00,-466.62
2024-11-11 04:30:00,-475.81
2024-11-11 04:33:00,-517.43
2024-11-11 04:36:00,-503.15
2024-11-11 04:39:00,-496.11
2024-11-11 04:42:00,-525.05
2024-11-11 04:45:00,-517.87
2024-11-11 04:48:00,-566.84
2024-11-11 04:51:00,-604.42
2024-11-11 04:54:00,-599.85
2024-11-11 04:57:00,-538.29
2024-11-11 05:00:00,-444.98
2024-11-11 05:03:00,-442.96
2024-11-11 05:06:00,-426.34
2024-11-11 05:09:00,-425.7
2024-11-11 05:12:00,-502.59
2024-11-11 05:15:00,-522.12
2024-11-11 05:18:00,-530.83
2024-11-11 05:21:00,-516.54
2024-11-11 05:24:00,-476.65
2024-11-11 05:27:00,-483.37
2024-11-11 05:30:00,-473.33
2024-11-11 05:33:00,-445.45
2024-11-11 05:36:00,-436.37
2024-11-11 05:39:00,-423.78
2024-11-11 05:42:00,-490.48
2024-11-11 05:45:00,-525.75
2024-11-11 05:48:00,-594.96
2024-11-11 05:51:00,-593.42
2024-11-11 05:54:00,-597.12
2024-11-11 05:57:00,-651.71
2024-11-11 06:00:00,-657.18
2024-11-11 06:03:00,-608.66
2024-11-11 06:06:00,-555.15
2024-11-11 06:09:00,-547.93
2024-11-11 06:12:00,-486.82
2024-11-11 06:15:00,-458.86
2024-11-11 06:18:00,-466.67
2024-11-11 06:21:00,-419.87
2024-11-11 06:24:00,-411.55
2024-11-11 06:27:00,-391.74
2024-11-11 06:30:00,-388.03
2024-11-11 06:33:00,-375.68
2024-11-11 06:36:00,-379.55
2024-11-11 06:39:00,-339.33
2024-11-11 06:42:00,-349.87
2024-11-11 06:45:00,-343.51
2024-11-11 06:48:00,-322.45
2024-11-11 06:51:00,-331.52
2024-11-11 06:54:00,-362.08
2024-11-11 06:57:00,-331.06
2024-11-11 07:00:00,-345.04
2024-11-11 07:03:00,-348.95
2024-11-11 07:06:00,-404.1
2024-11-11 07:09:00,-385
2024-11-11 07:12:00,-388.51
2024-11-11 07:15:00,-406.55
2024-11-11 07:18:00,-408.69
2024-11-11 07:21:00,-485.5
2024-11-11 07:24:00,-450.98
2024-11-11 07:27:00,-456.3
2024-11-11 07:30:00,-469.4
2024-11-11 07:33:00,-516.2
2024-11-11 07:36:00,-469.07
2024-11-11 07:39:00,-465.89
2024-11-11 07:42:00,-456.42
2024-11-11 07:45:00,-431.32
2024-11-11 07:48:00,-419.37
2024-11-11 07:51:00,-438.22
2024-11-11 07:54:00,-419.21
2024-11-11 07:57:00,-435.27
2024-11-11 08:00:00,-438.09
2024-11-11 08:03:00,-429.58
2024-11-11 08:06:00,-469.53
2024-11-11 08:09:00,-493.46
2024-11-11 08:12:00,-510.63
2024-11-11 08:15:00,-542.8
2024-11-11 08:18:00,-519.54
2024-11-11 08:21:00,-517.49
2024-11-11 08:24:00,-524.17
2024-11-11 08:27:00,-534.19
2024-11-11 08:30:00,-528.23
2024-11-11 08:33:00,-540.28
2024-11-11 08:36:00,-565.47
2024-11-11 08:39:00,-571.34
2024-11-11 08:42:00,-575.76
2024-11-11 08:45:00,-551.07
2024-11-11 08:48:00,-578.12
2024-11-11 08:51:00,-559.62
2024-11-11 08:54:00,-555.72
2024-11-11 08:57:00,-612.42
2024-11-11 09:00:00,-604.13
2024-11-11 09:03:00,-641.02
2024-11-11 09:06:00,-664.81
2024-11-11 09:09:00,-649.69
2024-11-11 09:12:00,-670.39
2024-11-11 09:15:00,-635.45
2024-11-11 09:18:00,-634.03
2024-11-11 09:21:00,-636.28
2024-11-11 09:24:00,-615.6
2024-11-11 09:27:00,-653.59
2024-11-11 09:30:00,-623.87
2024-11-11 09:33:00,-598.36
2024-11-11 09:36:00,-597.97
2024-11-11 09:39:00,-618.39
2024-11-11 09:42:00,-628.23
2024-11-11 09:45:00,-629.32
2024-11-11 09:48:00,-653.47
2024-11-11 09:51:00,-623.59
2024-11-11 09:54:00,-650.43
2024-11-11 09:57:00,-675.39
2024-11-11 10:00:00,-706.9
2024-11-11 10:03:00,-706.62
2024-11-11 10:06:00,-714.94
2024-11-11 10:09:00,-771.23
2024-11-11 10:12:00,-829.02
2024-11-11 10:15:00,-802.04
2024-11-11 10:18:00,-815.88
2024-11-11 10:21:00,-826.67
2024-11-11 10:24:00,-822.76
2024-11-11 10:27:00,-800.38
2024-11-11 10:30:00,-813.69
2024-11-11 10:33:00,-809.74
2024-11-11 10:36:00,-829.55
2024-11-11 10:39:00,-839.08
2024-11-11 10:42:00,-860.25
2024-11-11 10:45:00,-852.6
2024-11-11 10:48:00,-846.96
2024-11-11 10:51:00,-842.89
2024-11-11 10:54:00,-832.32
2024-11-11 10:57:00,-841.38
2024-11-11 11:00:00,-836.87
2024-11-11 11:03:00,-879.3
2024-11-11 11:06:00,-885.47
2024-11-11 11:09:00,-890.45
2024-11-11 11:12:00,-907.4
2024-11-11 11:15:00,-886.43
2024-11-11 11:18:00,-857.42
2024-11-11 11:21:00,-844
2024-11-11 11:24:00,-843.94
2024-11-11 11:27:00,-888.45
2024-11-11 11:30:00,-871.24
2024-11-11 11:33:00,-902.26
2024-11-11 11:36:00,-930.33
2024-11-11 11:39:00,-908.69
2024-11-11 11:42:00,-954.39
2024-11-11 11:45:00,-909.81
2024-11-11 11:48:00,-883.54
2024-11-11 11:51:00,-938.41
2024-11-11 11:54:00,-937.63
2024-11-11 11:57:00,-928.8
2024-11-11 12:00:00,-889.81
2024-11-11 12:03:00,-869.06
2024-11-11 12:06:00,-870.47
2024-11-11 12:09:00,-867.96
2024-11-11 12:12:00,-875.39
2024-11-11 12:15:00,-869.72
2024-11-11 12:18:00,-898.8
2024-11-11 12:21:00,-900.42
2024-11-11 12:24:00,-916.9
2024-11-11 12:27:00,-936.63
2024-11-11 12:30:00,-961.15
2024-11-11 12:33:00,-945.11
2024-11-11 12:36:00,-984.01
2024-11-11 12:39:00,-983.93
2024-11-11 12:42:00,-990.47
2024-11-11 12:45:00,-986.27
2024-11-11 12:48:00,-1006.9
2024-11-11 12:51:00,-995.79
2024-11-11 12:54:00,-1024.8
2024-11-11 12:57:00,-1007.2
2024-11-11 13:00:00,-1002.8
2024-11-11 13:03:00,-967.96
2024-11-11 13:06:00,-957.51
2024-11-11 13:09:00,-943.03
2024-11-11 13:12:00,-972.25
2024-11-11 13:15:00,-935.08
2024-11-11 13:18:00,-942.64
2024-11-11 13:21:00,-881.75
2024-11-11 13:24:00,-882.63
2024-11-11 13:27:00,-896.22
2024-11-11 13:30:00,-871.26
2024-11-11 13:33:00,-856.62
2024-11-11 13:36:00,-848.54
2024-11-11 13:39:00,-899.16
2024-11-11 13:42:00,-927.76
2024-11-11 13:45:00,-889.79
2024-11-11 13:48:00,-907.01
2024-11-11 13:51:00,-835.03
2024-11-11 13:54:00,-802.95
2024-11-11 13:57:00,-770.05
2024-11-11 14:00:00,-741.77
2024-11-11 14:03:00,-710.94
2024-11-11 14:06:00,-754.52
2024-11-11 14:09:00,-765.5
2024-11-11 14:12:00,-794.42
2024-11-11 14:15:00,-800.33
2024-11-11 14:18:00,-787.48
2024-11-11 14:21:00,-816.21
2024-11-11 14:24:00,-822.9
2024-11-11 14:27:00,-805.26
2024-11-11 14:30:00,-810.65
2024-11-11 14:33:00,-799.32
2024-11-11 14:36:00,-807.7
2024-11-11 14:39:00,-796.16
2024-11-11 14:42:00,-799.57
2024-11-11 14:45:00,-728.69
2024-11-11 14:48:00,-726.74
2024-11-11 14:51:00,-735.1
2024-11-11 14:54:00,-715.24
2024-11-11 14:57:00,-806.05
2024-11-11 15:00:00,-780.94
2024-11-11 15:03:00,-828.6
2024-11-11 15:06:00,-857.93
2024-11-11 15:09:00,-840.58
2024-11-11 15:12:00,-819.99
2024-11-11 15:15:00,-859.8
2024-11-11 15:18:00,-861.17
2024-11-11 15:21:00,-829.71
2024-11-11 15:24:00,-788.52
2024-11-11 15:27:00,-806.26
2024-11-11 15:30:00,-786.14
2024-11-11 15:33:00,-749.99
2024-11-11 15:36:00,-750.97
2024-11-11 15:39:00,-764.69
2024-11-11 15:42:00,-733.83
2024-11-11 15:45:00,-733.96
2024-11-11 15:48:00,-736.33
2024-11-11 15:51:00,-750.14
2024-11-11 15:54:00,-760.37
2024-11-11 15:57:00,-810.55
2024-11-11 16:00:00,-839.93
2024-11-11 16:03:00,-787.61
2024-11-11 16:06:00,-769.08
2024-11-11 16:09:00,-772.75
2024-11-11 16:12:00,-774.34
2024-11-11 16:15:00,-774.22
2024-11-11 16:18:00,-784.66
2024-11-11 16:21:00,-792.59
2024-11-11 16:24:00,-784.39
2024-11-11 16:27:00,-779.5
2024-11-11 16:30:00,-800.34
2024-11-11 16:33:00,-797.73
2024-11-11 16:36:00,-824.05
2024-11-11 16:39:00,-836.4
2024-11-11 16:42:00,-826.02
2024-11-11 16:45:00,-806.71
2024-11-11 16:48:00,-764.49
2024-11-11 16:51:00,-757.43
2024-11-11 16:54:00,-749.23
2024-11-11 16:57:00,-714.62
2024-11-11 17:00:00,-674.55
2024-11-11 17:03:00,-693.98
2024-11-11 17:06:00,-675.73
2024-11-11 17:09:00,-663.7
2024-11-11 17:12:00,-683.12
2024-11-11 17:15:00,-687.52
2024-11-11 17:18:00,-691.21
2024-11-11 17:21:00,-708.12
2024-11-11 17:24:00,-709.06
2024-11-11 17:27:00,-762.75
2024-11-11 17:30:00,-732.57
2024-11-11 17:33:00,-740.05
2024-11-11 17:36:00,-741.47
2024-11-11 17:39:00,-768.81
2024-11-11 17:42:00,-806.51
2024-11-11 17:45:00,-781.55
2024-11-11 17:48:00,-758.47
2024-11-11 17:51:00,-709.79
2024-11-11 17:54:00,-722.06
2024-11-11 17:57:00,-731.8
2024-11-11 18:00:00,-673.62
2024-11-11 18:03:00,-603.88
2024-11-11 18:06:00,-581.97
2024-11-11 18:09:00,-557.32
2024-11-11 18:12:00,-617.24
2024-11-11 18:15:00,-598.04
2024-11-11 18:18:00,-585.97
2024-11-11 18:21:00,-551.63
2024-11-11 18:24:00,-567.07
2024-11-11 18:27:00,-595.46
2024-11-11 18:30:00,-617.41
2024-11-11 18:33:00,-602.95
2024-11-11 18:36:00,-623.97
2024-11-11 18:39:00,-629.61
2024-11-11 18:42:00,-591.37
2024-11-11 18:45:00,-586.3
2024-11-11 18:48:00,-570.69
2024-11-11 18:51:00,-467.33
2024-11-11 18:54:00,-433.68
2024-11-11 18:57:00,-420.17
2024-11-11 19:00:00,-398.29
2024-11-11 19:03:00,-369.98
2024-11-11 19:06:00,-380.93
2024-11-11 19:09:00,-400.93
2024-11-11 19:12:00,-399.99
2024-11-11 19:15:00,-415.44
2024-11-11 19:18:00,-380.28
2024-11-11 19:21:00,-396.22
2024-11-11 19:24:00,-426.99
2024-11-11 19:27:00,-395.13
2024-11-11 19:30:00,-414.99
2024-11-11 19:33:00,-406.63
2024-11-11 19:36:00,-391.17
2024-11-11 19:39:00,-417.06
2024-11-11 19:42:00,-404.07
2024-11-11 19:45:00,-355.95
2024-11-11 19:48:00,-376.91
2024-11-11 19:51:00,-363.62
2024-11-11 19:54:00,-364.86
2024-11-11 19:57:00,-336.42
2024-11-11 20:00:00,-376.32
2024-11-11 20:03:00,-504.33
2024-11-11 20:06:00,-539.36
2024-11-11 20:09:00,-607.78
2024-11-11 20:12:00,-661.53
2024-11-11 20:15:00,-740.09
2024-11-11 20:18:00,-734.59
2024-11-11 20:21:00,-752.35
2024-11-11 20:24:00,-775.3
2024-11-11 20:27:00,-821.27
2024-11-11 20:30:00,-881.05
2024-11-11 20:33:00,-864.68
2024-11-11 20:36:00,-926.77
2024-11-11 20:39:00,-898.74
2024-11-11 20:42:00,-918.96
2024-11-11 20:45:00,-932.64
2024-11-11 20:48:00,-928.87
2024-11-11 20:51:00,-936.96
2024-11-11 20:54:00,-935.21
2024-11-11 20:57:00,-914.08
2024-11-11 21:00:00,-932.38
2024-11-11 21:03:00,-930.85
2024-11-11 21:06:00,-887.8
2024-11-11 21:09:00,-885.38
2024-11-11 21:12:00,-904.62
2024-11-11 21:15:00,-910.25
2024-11-11 21:18:00,-892.88
2024-11-11 21:21:00,-853.87
2024-11-11 21:24:00,-853.23
2024-11-11 21:27:00,-813.48
2024-11-11 21:30:00,-781.44
2024-11-11 21:33:00,-697.5
2024-11-11 21:36:00,-691.76
2024-11-11 21:39:00,-665.85
2024-11-11 21:42:00,-705.75
2024-11-11 21:45:00,-677.9
2024-11-11 21:48:00,-639.99
2024-11-11 21:51:00,-633.93
2024-11-11 21:54:00,-615.4
2024-11-11 21:57:00,-618.85
2024-11-11 22:00:00,-607.08
2024-11-11 22:03:00,-752.95
2024-11-11 22:06:00,-864.84
2024-11-11 22:09:00,-944.18
2024-11-11 22:12:00,-954.05
2024-11-11 22:15:00,-932.91
2024-11-11 22:18:00,-867.44
2024-11-11 22:21:00,-844.39
2024-11-11 22:24:00,-850.85
2024-11-11 22:27:00,-867.23
2024-11-11 22:30:00,-828.96
2024-11-11 22:33:00,-863.64
2024-11-11 22:36:00,-879.58
2024-11-11 22:39:00,-915.01
2024-11-11 22:42:00,-911.02
2024-11-11 22:45:00,-897.91
2024-11-11 22:48:00,-833.77
2024-11-11 22:51:00,-838.56
2024-11-11 22:54:00,-827.15
2024-11-11 22:57:00,-763.34
2024-11-11 23:00:00,-809.98
2024-11-11 23:03:00,-775.58
2024-11-11 23:06:00,-790.4
2024-11-11 23:09:00,-788.84
2024-11-11 23:12:00,-780.11
2024-11-11 23:15:00,-771.98
2024-11-11 23:18:00,-767.31
2024-11-11 23:21:00,-750.99
2024-11-11 23:24:00,-752.46
2024-11-11 23:27:00,-734.94
2024-11-11 23:30:00,-696.4
2024-11-11 23:33:00,-676.07
2024-11-11 23:36:00,-698.33
2024-11-11 23:39:00,-715.84
2024-11-11 23:42:00,-750.98
2024-11-11 23:45:00,-720.45
2024-11-11 23:48:00,-722.09
2024-11-11 23:51:00,-704.46
2024-11-11 23:54:00,-637.36
2024-11-11 23:57:00,-631.69
2024-11-12 00:00:00,-611.56
2024-11-12 00:03:00,-627.07
2024-11-12 00:06:00,-621.56
2024-11-12 00:09:00,-580.22
2024-11-12 00:12:00,-596.14
2024-11-12 00:15:00,-611.72
2024-11-12 00:18:00,-649.03
2024-11-12 00:21:00,-649.71
2024-11-12 00:24:00,-607.6
2024-11-12 00:27:00,-629.4
2024-11-12 00:30:00,-636.85
2024-11-12 00:33:00,-677.31
2024-11-12 00:36:00,-692.46
2024-11-12 00:39:00,-694.46
2024-11-12 00:42:00,-694.25
2024-11-12 00:45:00,-715.03
2024-11-12 00:48:00,-667.76
2024-11-12 00:51:00,-655.62
2024-11-12 00:54:00,-599.99
2024-11-12 00:57:00,-561.12
2024-11-12 01:00:00,-603.35
2024-11-12 01:03:00,-630.46
2024-11-12 01:06:00,-634.94
2024-11-12 01:09:00,-610.64
2024-11-12 01:12:00,-591.61
2024-11-12 01:15:00,-590.06
2024-11-12 01:18:00,-586.04
2024-11-12 01:21:00,-594.38
2024-11-12 01:24:00,-597.87
2024-11-12 01:27:00,-615
2024-11-12 01:30:00,-664.56
2024-11-12 01:33:00,-662.13
2024-11-12 01:36:00,-660.88
2024-11-12 01:39:00,-618.73
2024-11-12 01:42:00,-610.02
2024-11-12 01:45:00,-601.88
2024-11-12 01:48:00,-627.34
2024-11-12 01:51:00,-652.81
2024-11-12 01:54:00,-688.62
2024-11-12 01:57:00,-698.98
2024-11-12 02:00:00,-570.92
2024-11-12 02:03:00,-545.08
2024-11-12 02:06:00,-587.32
2024-11-12 02:09:00,-558.87
2024-11-12 02:12:00,-555.31
2024-11-12 02:15:00,-608.81
2024-11-12 02:18:00,-584.76
2024-11-12 02:21:00,-567.32
2024-11-12 02:24:00,-571
2024-11-12 02:27:00,-597.02
2024-11-12 02:30:00,-596.74
2024-11-12 02:33:00,-582.35
2024-11-12 02:36:00,-628.5
2024-11-12 02:39:00,-573.18
2024-11-12 02:42:00,-574.47
2024-11-12 02:45:00,-594.07
2024-11-12 02:48:00,-600.42
2024-11-12 02:51:00,-613.85
2024-11-12 02:54:00,-591.49
2024-11-12 02:57:00,-674.71
2024-11-12 03:00:00,-693.88
2024-11-12 03:03:00,-710.13
2024-11-12 03:06:00,-722.79
2024-11-12 03:09:00,-741.47
2024-11-12 03:12:00,-770.57
2024-11-12 03:15:00,-732.71
2024-11-12 03:18:00,-777.96
2024-11-12 03:21:00,-782.26
2024-11-12 03:24:00,-750.62
2024-11-12 03:27:00,-732.03
2024-11-12 03:30:00,-757.87
2024-11-12 03:33:00,-762.25
2024-11-12 03:36:00,-775.1
2024-11-12 03:39:00,-757.22
2024-11-12 03:42:00,-730.98
2024-11-12 03:45:00,-663.99
2024-11-12 03:48:00,-649.81
2024-11-12 03:51:00,-647.63
2024-11-12 03:54:00,-667.28
2024-11-12 03:57:00,-667.54
2024-11-12 04:00:00,-738.76
2024-11-12 04:03:00,-772.5
2024-11-12 04:06:00,-810.55
2024-11-12 04:09:00,-838.68
2024-11-12 04:12:00,-879.78
2024-11-12 04:15:00,-886.07
2024-11-12 04:18:00,-921.54
2024-11-12 04:21:00,-918.61
2024-11-12 04:24:00,-905.62
2024-11-12 04:27:00,-890
2024-11-12 04:30:00,-912.27
2024-11-12 04:33:00,-908.67
2024-11-12 04:36:00,-911.32
2024-11-12 04:39:00,-926.81
2024-11-12 04:42:00,-935.89
2024-11-12 04:45:00,-955.86
2024-11-12 04:48:00,-1013
2024-11-12 04:51:00,-1005.5
2024-11-12 04:54:00,-986.8
2024-11-12 04:57:00,-992.75
2024-11-12 05:00:00,-979.96
2024-11-12 05:03:00,-942.58
2024-11-12 05:06:00,-963.48
2024-11-12 05:09:00,-1053.9
2024-11-12 05:12:00,-1141.2
2024-11-12 05:15:00,-1120.1
2024-11-12 05:18:00,-1165.3
2024-11-12 05:21:00,-1201.7
2024-11-12 05:24:00,-1161.7
2024-11-12 05:27:00,-1096.9
2024-11-12 05:30:00,-1092.8
2024-11-12 05:33:00,-1040.1
2024-11-12 05:36:00,-1000.2
2024-11-12 05:39:00,-985
2024-11-12 05:42:00,-997.11
2024-11-12 05:45:00,-967.36
2024-11-12 05:48:00,-973.54
2024-11-12 05:51:00,-975.6
2024-11-12 05:54:00,-1034.1
2024-11-12 05:57:00,-1050.4
2024-11-12 06:00:00,-1045
2024-11-12 06:03:00,-906.37
2024-11-12 06:06:00,-824.36
2024-11-12 06:09:00,-837.76
2024-11-12 06:12:00,-853.17
2024-11-12 06:15:00,-818.65
2024-11-12 06:18:00,-840.01
2024-11-12 06:21:00,-821.75
2024-11-12 06:24:00,-834.13
2024-11-12 06:27:00,-813.78
2024-11-12 06:30:00,-807.43
2024-11-12 06:33:00,-822.6
2024-11-12 06:36:00,-766.62
2024-11-12 06:39:00,-741.31
2024-11-12 06:42:00,-701.15
2024-11-12 06:45:00,-647.16
2024-11-12 06:48:00,-650.01
2024-11-12 06:51:00,-645.53
2024-11-12 06:54:00,-652.47
2024-11-12 06:57:00,-665.76
2024-11-12 07:00:00,-692.98
2024-11-12 07:03:00,-782.52
2024-11-12 07:06:00,-823.44
2024-11-12 07:09:00,-862.45
2024-11-12 07:12:00,-832.06
2024-11-12 07:15:00,-803.56
2024-11-12 07:18:00,-780.86
2024-11-12 07:21:00,-743.86
2024-11-12 07:24:00,-768.98
2024-11-12 07:27:00,-801.69
2024-11-12 07:30:00,-823
2024-11-12 07:33:00,-859.57
2024-11-12 07:36:00,-903.14
2024-11-12 07:39:00,-930.54
2024-11-12 07:42:00,-930.84
2024-11-12 07:45:00,-901.97
2024-11-12 07:48:00,-922.64
2024-11-12 07:51:00,-916.69
2024-11-12 07:54:00,-952.91
2024-11-12 07:57:00,-949.32
2024-11-12 08:00:00,-940.21
2024-11-12 08:03:00,-872.42
2024-11-12 08:06:00,-870.76
2024-11-12 08:09:00,-897.96
2024-11-12 08:12:00,-935.7
2024-11-12 08:15:00,-926.04
2024-11-12 08:18:00,-950.06
2024-11-12 08:21:00,-950.2
2024-11-12 08:24:00,-918.02
2024-11-12 08:27:00,-920.25
2024-11-12 08:30:00,-905.55
2024-11-12 08:33:00,-922.33
2024-11-12 08:36:00,-880.52
2024-11-12 08:39:00,-885.61
2024-11-12 08:42:00,-883.7
2024-11-12 08:45:00,-924
2024-11-12 08:48:00,-967.06
2024-11-12 08:51:00,-1002.2
2024-11-12 08:54:00,-1035.2
2024-11-12 08:57:00,-1016.1
2024-11-12 09:00:00,-1008.2
2024-11-12 09:03:00,-941.69
2024-11-12 09:06:00,-970.93
2024-11-12 09:09:00,-980.37
2024-11-12 09:12:00,-959.42
2024-11-12 09:15:00,-1000.1
2024-11-12 09:18:00,-987.58
2024-11-12 09:21:00,-986.22
2024-11-12 09:24:00,-968.9
2024-11-12 09:27:00,-981.31
2024-11-12 09:30:00,-991.95
2024-11-12 09:33:00,-992.99
2024-11-12 09:36:00,-942.42
2024-11-12 09:39:00,-912.99
2024-11-12 09:42:00,-880.33
2024-11-12 09:45:00,-840.3
2024-11-12 09:48:00,-869.01
2024-11-12 09:51:00,-836.9
2024-11-12 09:54:00,-855.06
2024-11-12 09:57:00,-882.35
2024-11-12 10:00:00,-880.43
2024-11-12 10:03:00,-825.52
2024-11-12 10:06:00,-798.09
2024-11-12 10:09:00,-822.48
2024-11-12 10:12:00,-847.97
2024-11-12 10:15:00,-831.15
2024-11-12 10:18:00,-833.23
2024-11-12 10:21:00,-794.7
2024-11-12 10:24:00,-791.9
2024-11-12 10:27:00,-809.18
2024-11-12 10:30:00,-782.68
2024-11-12 10:33:00,-720.04
2024-11-12 10:36:00,-711.25
2024-11-12 10:39:00,-748.91
2024-11-12 10:42:00,-750.58
2024-11-12 10:45:00,-777.84
2024-11-12 10:48:00,-763.36
2024-11-12 10:51:00,-749.13
2024-11-12 10:54:00,-828.97
2024-11-12 10:57:00,-860.93
2024-11-12 11:00:00,-840.46
2024-11-12 11:03:00,-876.44
2024-11-12 11:06:00,-806.51
2024-11-12 11:09:00,-840.05
2024-11-12 11:12:00,-856.31
2024-11-12 11:15:00,-890.21
2024-11-12 11:18:00,-995.68
2024-11-12 11:21:00,-998.45
2024-11-12 11:24:00,-991.3
2024-11-12 11:27:00,-1021.8
2024-11-12 11:30:00,-1057.8
2024-11-12 11:33:00,-1033.9
2024-11-12 11:36:00,-1038.3
2024-11-12 11:39:00,-1050.9
2024-11-12 11:42:00,-1029.1
2024-11-12 11:45:00,-1011.2
2024-11-12 11:48:00,-1035.4
2024-11-12 11:51:00,-990.92
2024-11-12 11:54:00,-965.63
2024-11-12 11:57:00,-966.73
2024-11-12 12:00:00,-988.55
2024-11-12 12:03:00,-1015.7
2024-11-12 12:06:00,-1030.7
2024-11-12 12:09:00,-1067.9
2024-11-12 12:12:00,-1042.6
2024-11-12 12:15:00,-973.35
2024-11-12 12:18:00,-1009.7
2024-11-12 12:21:00,-1019.1
2024-11-12 12:24:00,-1042.8
2024-11-12 12:27:00,-1041.1
2024-11-12 12:30:00,-1070.5
2024-11-12 12:33:00,-1029.6
2024-11-12 12:36:00,-1015.1
2024-11-12 12:39:00,-947.68
2024-11-12 12:42:00,-933.53
2024-11-12 12:45:00,-863.25
2024-11-12 12:48:00,-871.17
2024-11-12 12:51:00,-898.29
2024-11-12 12:54:00,-871.19
2024-11-12 12:57:00,-906.71
2024-11-12 13:00:00,-911.86
2024-11-12 13:03:00,-912.71
2024-11-12 13:06:00,-912.1
2024-11-12 13:09:00,-947.44
2024-11-12 13:12:00,-981.69
2024-11-12 13:15:00,-992.94
2024-11-12 13:18:00,-966.04
2024-11-12 13:21:00,-947.01
2024-11-12 13:24:00,-929.56
2024-11-12 13:27:00,-936.7
2024-11-12 13:30:00,-909.43
2024-11-12 13:33:00,-922.75
2024-11-12 13:36:00,-957.46
2024-11-12 13:39:00,-958.02
2024-11-12 13:42:00,-977.78
2024-11-12 13:45:00,-992.32
2024-11-12 13:48:00,-1035.5
2024-11-12 13:51:00,-1050.3
2024-11-12 13:54:00,-1136.4
2024-11-12 13:57:00,-1170.5
2024-11-12 14:00:00,-1169.1
2024-11-12 14:03:00,-1101.3
2024-11-12 14:06:00,-1126.5
2024-11-12 14:09:00,-1192.6
2024-11-12 14:12:00,-1177.2
2024-11-12 14:15:00,-1121.4
2024-11-12 14:18:00,-1144.3
2024-11-12 14:21:00,-1162.3
2024-11-12 14:24:00,-1189.4
2024-11-12 14:27:00,-1168.5
2024-11-12 14:30:00,-1205.1
2024-11-12 14:33:00,-1178.9
2024-11-12 14:36:00,-1201.9
2024-11-12 14:39:00,-1182
2024-11-12 14:42:00,-1165.7
2024-11-12 14:45:00,-1195.1
2024-11-12 14:48:00,-1198
2024-11-12 14:51:00,-1104.6
2024-11-12 14:54:00,-1037.4
2024-11-12 14:57:00,-1028.6
2024-11-12 15:00:00,-1056.8
2024-11-12 15:03:00,-1011.7
2024-11-12 15:06:00,-925.57
2024-11-12 15:09:00,-877.12
2024-11-12 15:12:00,-895.19
2024-11-12 15:15:00,-878.44
2024-11-12 15:18:00,-885.21
2024-11-12 15:21:00,-904.7
2024-11-12 15:24:00,-842.81
2024-11-12 15:27:00,-889.26
2024-11-12 15:30:00,-898.64
2024-11-12 15:33:00,-867.27
2024-11-12 15:36:00,-834.06
2024-11-12 15:39:00,-828.14
2024-11-12 15:42:00,-795.39
2024-11-12 15:45:00,-721.33
2024-11-12 15:48:00,-689.52
2024-11-12 15:51:00,-690.41
2024-11-12 15:54:00,-662.66
2024-11-12 15:57:00,-572.24
2024-11-12 16:00:00,-548.33
2024-11-12 16:03:00,-421.85
2024-11-12 16:06:00,-439.35
2024-11-12 16:09:00,-414.54
2024-11-12 16:12:00,-472.43
2024-11-12 16:15:00,-450.52
2024-11-12 16:18:00,-525.36
2024-11-12 16:21:00,-465.05
2024-11-12 16:24:00,-435.67
2024-11-12 16:27:00,-416.6
2024-11-12 16:30:00,-421.63
2024-11-12 16:33:00,-393.74
2024-11-12 16:36:00,-404.59
2024-11-12 16:39:00,-457.74
2024-11-12 16:42:00,-455.02
2024-11-12 16:45:00,-445.95
2024-11-12 16:48:00,-404.68
2024-11-12 16:51:00,-412.56
2024-11-12 16:54:00,-417.36
2024-11-12 16:57:00,-451.68
2024-11-12 17:00:00,-426.46
2024-11-12 17:03:00,-362.41
2024-11-12 17:06:00,-382.36
2024-11-12 17:09:00,-403.02
2024-11-12 17:12:00,-407.23
2024-11-12 17:15:00,-357.49
2024-11-12 17:18:00,-360.63
2024-11-12 17:21:00,-337.82
2024-11-12 17:24:00,-373.47
2024-11-12 17:27:00,-375.08
2024-11-12 17:30:00,-375.72
2024-11-12 17:33:00,-402.12
2024-11-12 17:36:00,-410.14
2024-11-12 17:39:00,-418.8
2024-11-12 17:42:00,-387.65
2024-11-12 17:45:00,-390.52
2024-11-12 17:48:00,-334.8
2024-11-12 17:51:00,-310.9
2024-11-12 17:54:00,-268.14
2024-11-12 17:57:00,-254.66
2024-11-12 18:00:00,-255.37
2024-11-12 18:03:00,-280.2
2024-11-12 18:06:00,-292.21
2024-11-12 18:09:00,-311.75
2024-11-12 18:12:00,-322.66
2024-11-12 18:15:00,-374.28
2024-11-12 18:18:00,-519.08
2024-11-12 18:21:00,-598.77
2024-11-12 18:24:00,-631.2
2024-11-12 18:27:00,-644.8
2024-11-12 18:30:00,-683.69
2024-11-12 18:33:00,-649.9
2024-11-12 18:36:00,-634.36
2024-11-12 18:39:00,-651.78
2024-11-12 18:42:00,-648.61
2024-11-12 18:45:00,-628.05
2024-11-12 18:48:00,-638.26
2024-11-12 18:51:00,-626.64
2024-11-12 18:54:00,-598.21
2024-11-12 18:57:00,-731.15
2024-11-12 19:00:00,-724.29
2024-11-12 19:03:00,-593.23
2024-11-12 19:06:00,-532.68
2024-11-12 19:09:00,-568.42
2024-11-12 19:12:00,-591.22
2024-11-12 19:15:00,-589.1
2024-11-12 19:18:00,-555.27
2024-11-12 19:21:00,-569.34
2024-11-12 19:24:00,-569.44
2024-11-12 19:27:00,-536
2024-11-12 19:30:00,-529.84
2024-11-12 19:33:00,-522.19
2024-11-12 19:36:00,-452.35
2024-11-12 19:39:00,-474.39
2024-11-12 19:42:00,-384.79
2024-11-12 19:45:00,-318.95
2024-11-12 19:48:00,-286.19
2024-11-12 19:51:00,-302.03
2024-11-12 19:54:00,-284.48
2024-11-12 19:57:00,-253.27
2024-11-12 20:00:00,-195.84
2024-11-12 20:03:00,-239.46
2024-11-12 20:06:00,-271.04
2024-11-12 20:09:00,-334.08
2024-11-12 20:12:00,-340.32
2024-11-12 20:15:00,-366.23
2024-11-12 20:18:00,-391.43
2024-11-12 20:21:00,-391.3
2024-11-12 20:24:00,-394.94
2024-11-12 20:27:00,-381.73
2024-11-12 20:30:00,-307.7
2024-11-12 20:33:00,-329.16
2024-11-12 20:36:00,-316.48
2024-11-12 20:39:00,-296.43
2024-11-12 20:42:00,-287.37
2024-11-12 20:45:00,-245.85
2024-11-12 20:48:00,-236.7
2024-11-12 20:51:00,-351.98
2024-11-12 20:54:00,-405.4
2024-11-12 20:57:00,-433.98
2024-11-12 21:00:00,-506.51
2024-11-12 21:03:00,-464.97
2024-11-12 21:06:00,-494.57
2024-11-12 21:09:00,-485.56
2024-11-12 21:12:00,-504.93
2024-11-12 21:15:00,-497.9
2024-11-12 21:18:00,-468.47
2024-11-12 21:21:00,-403.72
2024-11-12 21:24:00,-382.46
2024-11-12 21:27:00,-332.35
2024-11-12 21:30:00,-271.7
2024-11-12 21:33:00,-198.9
2024-11-12 21:36:00,-195.1
2024-11-12 21:39:00,-198.88
2024-11-12 21:42:00,-74.929
2024-11-12 21:45:00,-49.221
2024-11-12 21:48:00,54.929
2024-11-12 21:51:00,-0.37931
2024-11-12 21:54:00,-20.664
2024-11-12 21:57:00,-33.186
2024-11-12 22:00:00,-51.536
2024-11-12 22:03:00,-59.627
2024-11-12 22:06:00,-57.739
2024-11-12 22:09:00,5.1219
2024-11-12 22:12:00,18.304
2024-11-12 22:15:00,50.051
2024-11-12 22:18:00,60.326
2024-11-12 22:21:00,110.34
2024-11-12 22:24:00,130.96
2024-11-12 22:27:00,162.78
2024-11-12 22:30:00,216.81
2024-11-12 22:33:00,217.88
2024-11-12 22:36:00,295.85
2024-11-12 22:39:00,351.31
2024-11-12 22:42:00,324.59
2024-11-12 22:45:00,366.28
2024-11-12 22:48:00,447.59
2024-11-12 22:51:00,473.33
2024-11-12 22:54:00,453.85
2024-11-12 22:57:00,465.54
2024-11-12 23:00:00,455.93
2024-11-12 23:03:00,242.69
2024-11-12 23:06:00,263.43
2024-11-12 23:09:00,221.98
2024-11-12 23:12:00,280.95
2024-11-12 23:15:00,309.04
2024-11-12 23:18:00,324.32
2024-11-12 23:21:00,413.1
2024-11-12 23:24:00,387.29
2024-11-12 23:27:00,446.18
2024-11-12 23:30:00,432.54
2024-11-12 23:33:00,486.69
2024-11-12 23:36:00,566.22
2024-11-12 23:39:00,639.16
2024-11-12 23:42:00,656.91
2024-11-12 23:45:00,685.98
2024-11-12 23:48:00,709.9
2024-11-12 23:51:00,773.99
2024-11-12 23:54:00,740.95
2024-11-12 23:57:00,759.26
2024-11-13 00:00:00,850.61
2024-11-13 00:03:00,840.39
2024-11-13 00:06:00,848.23
2024-11-13 00:09:00,872.19
2024-11-13 00:12:00,960.63
2024-11-13 00:15:00,915.96
2024-11-13 00:18:00,984.98
2024-11-13 00:21:00,1033.4
2024-11-13 00:24:00,1057.2
2024-11-13 00:27:00,1110.8
2024-11-13 00:30:00,1072.9
2024-11-13 00:33:00,1100.6
2024-11-13 00:36:00,1088.8
2024-11-13 00:39:00,1113.9
2024-11-13 00:42:00,1175.5
2024-11-13 00:45:00,1198.4
2024-11-13 00:48:00,1218.7
2024-11-13 00:51:00,1278.4
2024-11-13 00:54:00,1328
2024-11-13 00:57:00,1372.7
2024-11-13 01:00:00,1409.6
2024-11-13 01:03:00,1414.9
2024-11-13 01:06:00,1426.7
2024-11-13 01:09:00,1442.9
2024-11-13 01:12:00,1393.1
2024-11-13 01:15:00,1408.9
2024-11-13 01:18:00,1438
2024-11-13 01:21:00,1453
2024-11-13 01:24:00,1442.7
2024-11-13 01:27:00,1453.3
2024-11-13 01:30:00,1490.3
2024-11-13 01:33:00,1512.9
2024-11-13 01:36:00,1524.5
2024-11-13 01:39:00,1555
2024-11-13 01:42:00,1578.4
2024-11-13 01:45:00,1629.9
2024-11-13 01:48:00,1618.9
2024-11-13 01:51:00,1610.1
2024-11-13 01:54:00,1671.5
2024-11-13 01:57:00,1718.1
2024-11-13 02:00:00,1721.4
2024-11-13 02:03:00,1713.4
2024-11-13 02:06:00,1700.1
2024-11-13 02:09:00,1688.3
2024-11-13 02:12:00,1699.5
2024-11-13 02:15:00,1700.9
2024-11-13 02:18:00,1695.7
2024-11-13 02:21:00,1679.4
2024-11-13 02:24:00,1715.5
2024-11-13 02:27:00,1732.9
2024-11-13 02:30:00,1710.9
2024-11-13 02:33:00,1735.3
2024-11-13 02:36:00,1796.3
2024-11-13 02:39:00,1779.4
2024-11-13 02:42:00,1814.9
2024-11-13 02:45:00,1817.7
2024-11-13 02:48:00,1841
2024-11-13 02:51:00,1876.8
2024-11-13 02:54:00,1832
2024-11-13 02:57:00,1854
2024-11-13 03:00:00,1845.3
2024-11-13 03:03:00,1841.4
2024-11-13 03:06:00,1868.6
2024-11-13 03:09:00,1928.2
2024-11-13 03:12:00,1945.3
2024-11-13 03:15:00,1984.8
2024-11-13 03:18:00,2028.5
2024-11-13 03:21:00,1995.9
2024-11-13 03:24:00,1963.5
2024-11-13 03:27:00,1982.3
2024-11-13 03:30:00,2006.8
2024-11-13 03:33:00,1950.3
2024-11-13 03:36:00,1951.5
2024-11-13 03:39:00,1976.8
2024-11-13 03:42:00,1936
2024-11-13 03:45:00,1877.3
2024-11-13 03:48:00,1887.8
2024-11-13 03:51:00,1856.7
2024-11-13 03:54:00,1813.5
2024-11-13 03:57:00,1816.3
2024-11-13 04:00:00,1762
2024-11-13 04:03:00,1727.8
2024-11-13 04:06:00,1631.1
2024-11-13 04:09:00,1562
2024-11-13 04:12:00,1588.9
2024-11-13 04:15:00,1504.8
2024-11-13 04:18:00,1400.4
2024-11-13 04:21:00,1320.5
2024-11-13 04:24:00,1281.3
2024-11-13 04:27:00,1183.6
2024-11-13 04:30:00,948.94
2024-11-13 04:33:00,877.32
2024-11-13 04:36:00,851.54
2024-11-13 04:39:00,864.79
2024-11-13 04:42:00,859.95
2024-11-13 04:45:00,829.35
2024-11-13 04:48:00,788
2024-11-13 04:51:00,790.31
2024-11-13 04:54:00,705.49
2024-11-13 04:57:00,690.51
2024-11-13 05:00:00,742.86
2024-11-13 05:03:00,731
2024-11-13 05:06:00,786.31
2024-11-13 05:09:00,819.01
2024-11-13 05:12:00,859.29
2024-11-13 05:15:00,900.86
2024-11-13 05:18:00,934.36
2024-11-13 05:21:00,968.91
2024-11-13 05:24:00,979.77
2024-11-13 05:27:00,1026.9
2024-11-13 05:30:00,1063.2
2024-11-13 05:33:00,1201.5
2024-11-13 05:36:00,1292.1
2024-11-13 05:39:00,1359.3
2024-11-13 05:42:00,1396.8
2024-11-13 05:45:00,1395
2024-11-13 05:48:00,1299.8
2024-11-13 05:51:00,1260
2024-11-13 05:54:00,1229
2024-11-13 05:57:00,1243.5
2024-11-13 06:00:00,1267.5
2024-11-13 06:03:00,1346.7
2024-11-13 06:06:00,1424.9
2024-11-13 06:09:00,1521.2
2024-11-13 06:12:00,1486
2024-11-13 06:15:00,1502
2024-11-13 06:18:00,1537.9
2024-11-13 06:21:00,1565.8
2024-11-13 06:24:00,1567.2
2024-11-13 06:27:00,1580.4
2024-11-13 06:30:00,1611.9
2024-11-13 06:33:00,1647.3
2024-11-13 06:36:00,1647.4
2024-11-13 06:39:00,1633.4
2024-11-13 06:42:00,1560.3
2024-11-13 06:45:00,1356.7
2024-11-13 06:48:00,1320
2024-11-13 06:51:00,1227.1
2024-11-13 06:54:00,1218.8
2024-11-13 06:57:00,1233.2
2024-11-13 07:00:00,1209.6
2024-11-13 07:03:00,1086.3
2024-11-13 07:06:00,1045.5
2024-11-13 07:09:00,1042.2
2024-11-13 07:12:00,1049.7
2024-11-13 07:15:00,1087.2
2024-11-13 07:18:00,1075.1
2024-11-13 07:21:00,1094.7
2024-11-13 07:24:00,1091
2024-11-13 07:27:00,1052.4
2024-11-13 07:30:00,1029.9
2024-11-13 07:33:00,996.46
2024-11-13 07:36:00,960.65
2024-11-13 07:39:00,893.1
2024-11-13 07:42:00,840.01
2024-11-13 07:45:00,837.06
2024-11-13 07:48:00,864.55
2024-11-13 07:51:00,897.83
2024-11-13 07:54:00,942.16
2024-11-13 07:57:00,941.96
2024-11-13 08:00:00,849.56
2024-11-13 08:03:00,890.02
2024-11-13 08:06:00,838.57
2024-11-13 08:09:00,806.57
2024-11-13 08:12:00,748.1
2024-11-13 08:15:00,822.9
2024-11-13 08:18:00,816.98
2024-11-13 08:21:00,806.1
2024-11-13 08:24:00,768.85
2024-11-13 08:27:00,732.01
2024-11-13 08:30:00,747.1
2024-11-13 08:33:00,713.66
2024-11-13 08:36:00,713.46
2024-11-13 08:39:00,706.41
2024-11-13 08:42:00,706.18
2024-11-13 08:45:00,672.37
2024-11-13 08:48:00,679.33
2024-11-13 08:51:00,679.35
2024-11-13 08:54:00,699.24
2024-11-13 08:57:00,674.71
2024-11-13 09:00:00,737.89
2024-11-13 09:03:00,984.9
2024-11-13 09:06:00,1156.1
2024-11-13 09:09:00,1269.5
2024-11-13 09:12:00,1331.8
2024-11-13 09:15:00,1415.4
2024-11-13 09:18:00,1312.7
2024-11-13 09:21:00,1342.7
2024-11-13 09:24:00,1392.6
2024-11-13 09:27:00,1357.2
2024-11-13 09:30:00,1194.6
2024-11-13 09:33:00,1171.1
2024-11-13 09:36:00,1183.4
2024-11-13 09:39:00,1161.3
2024-11-13 09:42:00,1153.2
2024-11-13 09:45:00,1174.9
2024-11-13 09:48:00,1151.2
2024-11-13 09:51:00,1209.1
2024-11-13 09:54:00,1175.7
2024-11-13 09:57:00,1126.3
2024-11-13 10:00:00,1175.7
2024-11-13 10:03:00,1217.8
2024-11-13 10:06:00,1240.1
2024-11-13 10:09:00,1237
2024-11-13 10:12:00,1216.8
2024-11-13 10:15:00,1193.7
2024-11-13 10:18:00,1201.4
2024-11-13 10:21:00,1199
2024-11-13 10:24:00,1206.1
2024-11-13 10:27:00,1158
2024-11-13 10:30:00,1169.5
2024-11-13 10:33:00,1142.2
2024-11-13 10:36:00,1120.8
2024-11-13 10:39:00,1140.6
2024-11-13 10:42:00,1177.9
2024-11-13 10:45:00,1203.9
2024-11-13 10:48:00,1181.2
2024-11-13 10:51:00,1159.2
2024-11-13 10:54:00,1148.9
2024-11-13 10:57:00,1175.7
2024-11-13 11:00:00,1218.1
2024-11-13 11:03:00,1245.9
2024-11-13 11:06:00,1336.7
2024-11-13 11:09:00,1227.8
2024-11-13 11:12:00,1178.1
2024-11-13 11:15:00,1174.4
2024-11-13 11:18:00,1111.4
2024-11-13 11:21:00,994.68
2024-11-13 11:24:00,1012.4
2024-11-13 11:27:00,945.49
2024-11-13 11:30:00,1031.4
2024-11-13 11:33:00,1077.6
2024-11-13 11:36:00,1203.6
2024-11-13 11:39:00,1345
2024-11-13 11:42:00,1322.1
2024-11-13 11:45:00,1334.8
2024-11-13 11:48:00,1286.9
2024-11-13 11:51:00,1353.4
2024-11-13 11:54:00,1517.5
2024-11-13 11:57:00,1587
2024-11-13 12:00:00,1549.5
2024-11-13 12:03:00,1565.7
2024-11-13 12:06:00,1545.2
2024-11-13 12:09:00,1585.7
2024-11-13 12:12:00,1553.1
2024-11-13 12:15:00,1554.5
2024-11-13 12:18:00,1490.4
2024-11-13 12:21:00,1464.3
2024-11-13 12:24:00,1478.1
2024-11-13 12:27:00,1452.5
2024-11-13 12:30:00,1457
2024-11-13 12:33:00,1418.6
2024-11-13 12:36:00,1418.1
2024-11-13 12:39:00,1343.5
2024-11-13 12:42:00,1312.9
2024-11-13 12:45:00,1317.8
2024-11-13 12:48:00,1290.5
2024-11-13 12:51:00,1289.7
2024-11-13 12:54:00,1335.4
2024-11-13 12:57:00,1249.8
2024-11-13 13:00:00,1164.1
2024-11-13 13:03:00,1209.2
2024-11-13 13:06:00,1230.6
2024-11-13 13:09:00,1234.6
2024-11-13 13:12:00,1228.2
2024-11-13 13:15:00,1225.1
2024-11-13 13:18:00,1199.3
2024-11-13 13:21:00,1153
2024-11-13 13:24:00,1186.7
2024-11-13 13:27:00,1225
2024-11-13 13:30:00,1181.2
2024-11-13 13:33:00,1179.3
2024-11-13 13:36:00,1169.7
2024-11-13 13:39:00,1184.8
2024-11-13 13:42:00,1187.5
2024-11-13 13:45:00,1178.9
2024-11-13 13:48:00,1158.8
2024-11-13 13:51:00,1143.2
2024-11-13 13:54:00,1099.5
2024-11-13 13:57:00,1085.6
2024-11-13 14:00:00,1038.8
2024-11-13 14:03:00,977.04
2024-11-13 14:06:00,1037.9
2024-11-13 14:09:00,1015.1
2024-11-13 14:12:00,1038.1
2024-11-13 14:15:00,955.9
2024-11-13 14:18:00,890.85
2024-11-13 14:21:00,866.05
2024-11-13 14:24:00,922.52
2024-11-13 14:27:00,828.58
2024-11-13 14:30:00,800.55
2024-11-13 14:33:00,802.17
2024-11-13 14:36:00,800.19
2024-11-13 14:39:00,846.31
2024-11-13 14:42:00,892.81
2024-11-13 14:45:00,981.93
2024-11-13 14:48:00,1106.8
2024-11-13 14:51:00,1114.3
2024-11-13 14:54:00,1162.6
2024-11-13 14:57:00,1237.6
2024-11-13 15:00:00,1233.8
2024-11-13 15:03:00,1098.3
2024-11-13 15:06:00,1096.2
2024-11-13 15:09:00,1071
2024-11-13 15:12:00,1045.9
2024-11-13 15:15:00,1062.6
2024-11-13 15:18:00,1153.9
2024-11-13 15:21:00,1204.5
2024-11-13 15:24:00,1304
2024-11-13 15:27:00,1311.1
2024-11-13 15:30:00,1356.7
2024-11-13 15:33:00,1366
2024-11-13 15:36:00,1375.6
2024-11-13 15:39:00,1424.5
2024-11-13 15:42:00,1374.4
2024-11-13 15:45:00,1416.5
2024-11-13 15:48:00,1368.6
2024-11-13 15:51:00,1328.6
2024-11-13 15:54:00,1378.9
2024-11-13 15:57:00,1405.9
2024-11-13 16:00:00,1470.4
2024-11-13 16:03:00,1456.7
2024-11-13 16:06:00,1340.3
2024-11-13 16:09:00,1347
2024-11-13 16:12:00,1325.5
2024-11-13 16:15:00,1337.2
2024-11-13 16:18:00,1400.6
2024-11-13 16:21:00,1382.1
2024-11-13 16:24:00,1326.6
2024-11-13 16:27:00,1291.1
2024-11-13 16:30:00,1205.4
2024-11-13 16:33:00,1238.6
2024-11-13 16:36:00,1277
2024-11-13 16:39:00,1264
2024-11-13 16:42:00,1334.1
2024-11-13 16:45:00,1341.3
2024-11-13 16:48:00,1269.7
2024-11-13 16:51:00,1255.3
2024-11-13 16:54:00,1259.2
2024-11-13 16:57:00,1320.5
2024-11-13 17:00:00,1202.6
2024-11-13 17:03:00,1237.7
2024-11-13 17:06:00,1332.8
2024-11-13 17:09:00,1392.2
2024-11-13 17:12:00,1369.6
2024-11-13 17:15:00,1378.9
2024-11-13 17:18:00,1346
2024-11-13 17:21:00,1313.5
2024-11-13 17:24:00,1302.1
2024-11-13 17:27:00,1317.6
2024-11-13 17:30:00,1318.4
2024-11-13 17:33:00,1328.6
2024-11-13 17:36:00,1324.5
2024-11-13 17:39:00,1364.1
2024-11-13 17:42:00,1335.8
2024-11-13 17:45:00,1344.2
2024-11-13 17:48:00,1347.8
2024-11-13 17:51:00,1373.4
2024-11-13 17:54:00,1402.6
2024-11-13 17:57:00,1388.3
2024-11-13 18:00:00,1486.4
2024-11-13 18:03:00,1579.2
2024-11-13 18:06:00,1621.8
2024-11-13 18:09:00,1716.5
2024-11-13 18:12:00,1614.9
2024-11-13 18:15:00,1628.9
2024-11-13 18:18:00,1652.7
2024-11-13 18:21:00,1686.2
2024-11-13 18:24:00,1681.4
2024-11-13 18:27:00,1721.7
2024-11-13 18:30:00,1777.7
2024-11-13 18:33:00,1934.2
2024-11-13 18:36:00,1919.8
2024-11-13 18:39:00,1971.8
2024-11-13 18:42:00,2000.6
2024-11-13 18:45:00,2029.9
2024-11-13 18:48:00,1967.2
2024-11-13 18:51:00,1931.8
2024-11-13 18:54:00,1921.9
2024-11-13 18:57:00,1847
2024-11-13 19:00:00,1890
2024-11-13 19:03:00,1923
2024-11-13 19:06:00,1955.8
2024-11-13 19:09:00,1982.1
2024-11-13 19:12:00,1980.9
2024-11-13 19:15:00,1937.8
2024-11-13 19:18:00,1900.5
2024-11-13 19:21:00,1892
2024-11-13 19:24:00,1859.1
2024-11-13 19:27:00,1906.7
2024-11-13 19:30:00,1963.4
2024-11-13 19:33:00,2026.9
2024-11-13 19:36:00,2078.6
2024-11-13 19:39:00,2133
2024-11-13 19:42:00,2158.1
2024-11-13 19:45:00,2195.2
2024-11-13 19:48:00,2261.3
2024-11-13 19:51:00,2307.9
2024-11-13 19:54:00,2360.3
2024-11-13 19:57:00,2389.1
2024-11-13 20:00:00,2425.1
2024-11-13 20:03:00,2284.7
2024-11-13 20:06:00,2259.3
2024-11-13 20:09:00,2227.7
2024-11-13 20:12:00,2204.7
2024-11-13 20:15:00,2156.4
2024-11-13 20:18:00,2204
2024-11-13 20:21:00,2227.5
2024-11-13 20:24:00,2293.8
2024-11-13 20:27:00,2212.9
2024-11-13 20:30:00,2224.6
2024-11-13 20:33:00,2327.9
2024-11-13 20:36:00,2258
2024-11-13 20:39:00,2196
2024-11-13 20:42:00,2176.1
2024-11-13 20:45:00,2193.8
2024-11-13 20:48:00,2179.9
2024-11-13 20:51:00,2166.5
2024-11-13 20:54:00,2070.7
2024-11-13 20:57:00,2115.3
2024-11-13 21:00:00,2054.2
2024-11-13 21:03:00,2154.1
2024-11-13 21:06:00,2210.7
2024-11-13 21:09:00,2193.9
2024-11-13 21:12:00,2235.5
2024-11-13 21:15:00,2243.9
2024-11-13 21:18:00,2264
2024-11-13 21:21:00,2308.1
2024-11-13 21:24:00,2309.3
2024-11-13 21:27:00,2380.4
2024-11-13 21:30:00,2381.3
2024-11-13 21:33:00,2412.3
2024-11-13 21:36:00,2486.4
2024-11-13 21:39:00,2463.6
2024-11-13 21:42:00,2582.7
2024-11-13 21:45:00,2593.9
2024-11-13 21:48:00,2611.8
2024-11-13 21:51:00,2634.7
2024-11-13 21:54:00,2624.2
2024-11-13 21:57:00,2653.7
2024-11-13 22:00:00,2450.2
2024-11-13 22:03:00,2400.6
2024-11-13 22:06:00,2397.3
2024-11-13 22:09:00,2432.6
2024-11-13 22:12:00,2389.5
2024-11-13 22:15:00,2439.7
2024-11-13 22:18:00,2476.9
2024-11-13 22:21:00,2528.8
2024-11-13 22:24:00,2482
2024-11-13 22:27:00,2414.5
2024-11-13 22:30:00,2502.9
2024-11-13 22:33:00,2520
2024-11-13 22:36:00,2467.6
2024-11-13 22:39:00,2402.4
2024-11-13 22:42:00,2416.5
2024-11-13 22:45:00,2497.5
2024-11-13 22:48:00,2644.1
2024-11-13 22:51:00,2626
2024-11-13 22:54:00,2624.1
2024-11-13 22:57:00,2491.8
2024-11-13 23:00:00,2206.4
2024-11-13 23:03:00,2175.1
2024-11-13 23:06:00,2205.1
2024-11-13 23:09:00,2185.1
2024-11-13 23:12:00,2070.6
2024-11-13 23:15:00,2059.2
2024-11-13 23:18:00,2073.2
2024-11-13 23:21:00,2099.4
2024-11-13 23:24:00,2106.8
2024-11-13 23:27:00,2163
2024-11-13 23:30:00,2208.4
2024-11-13 23:33:00,2217.8
2024-11-13 23:36:00,2217.3
2024-11-13 23:39:00,2244.2
2024-11-13 23:42:00,2243
2024-11-13 23:45:00,2257
2024-11-13 23:48:00,2294.4
2024-11-13 23:51:00,2348.4
2024-11-13 23:54:00,2362.1
2024-11-13 23:57:00,2388.5
2024-11-14 00:00:00,2291.1
2024-11-14 00:03:00,2319.6
2024-11-14 00:06:00,2278.5
2024-11-14 00:09:00,2243.8
2024-11-14 00:12:00,2149.8
2024-11-14 00:15:00,1959.8
2024-11-14 00:18:00,1956.5
2024-11-14 00:21:00,2050.5
2024-11-14 00:24:00,2028
2024-11-14 00:27:00,2034.1
2024-11-14 00:30:00,1959.9
2024-11-14 00:33:00,1832.4
2024-11-14 00:36:00,1791.3
2024-11-14 00:39:00,1818.7
2024-11-14 00:42:00,1814.3
2024-11-14 00:45:00,1881.4
2024-11-14 00:48:00,1943.1
2024-11-14 00:51:00,1919.5
2024-11-14 00:54:00,1952.4
2024-11-14 00:57:00,2042.2
2024-11-14 01:00:00,2015.4
2024-11-14 01:03:00,2000
2024-11-14 01:06:00,1960
2024-11-14 01:09:00,1985
2024-11-14 01:12:00,1937.7
2024-11-14 01:15:00,1885.1
2024-11-14 01:18:00,1903.8
2024-11-14 01:21:00,1919.9
2024-11-14 01:24:00,1899.6
2024-11-14 01:27:00,1869.2
2024-11-14 01:30:00,1910.9
2024-11-14 01:33:00,1999.5
2024-11-14 01:36:00,2003.2
2024-11-14 01:39:00,1936.4
2024-11-14 01:42:00,1959.6
2024-11-14 01:45:00,1951.3
2024-11-14 01:48:00,1977
2024-11-14 01:51:00,1946.4
2024-11-14 01:54:00,1924.5
2024-11-14 01:57:00,2041.3
2024-11-14 02:00:00,2028.7
2024-11-14 02:03:00,2025.1
2024-11-14 02:06:00,2045
2024-11-14 02:09:00,1991
2024-11-14 02:12:00,2041.9
2024-11-14 02:15:00,2026.9
2024-11-14 02:18:00,2023.7
2024-11-14 02:21:00,2040.6
2024-11-14 02:24:00,2061.3
2024-11-14 02:27:00,1993
2024-11-14 02:30:00,1809.6
2024-11-14 02:33:00,1767.9
2024-11-14 02:36:00,1747.3
2024-11-14 02:39:00,1721.5
2024-11-14 02:42:00,1705.9
2024-11-14 02:45:00,1668.1
2024-11-14 02:48:00,1675.4
2024-11-14 02:51:00,1658.3
2024-11-14 02:54:00,1613.4
2024-11-14 02:57:00,1639
2024-11-14 03:00:00,1625.9
2024-11-14 03:03:00,1692.9
2024-11-14 03:06:00,1631.1
2024-11-14 03:09:00,1632.7
2024-11-14 03:12:00,1643.2
2024-11-14 03:15:00,1634.6
2024-11-14 03:18:00,1606.7
2024-11-14 03:21:00,1621.6
2024-11-14 03:24:00,1579.9
2024-11-14 03:27:00,1534.7
2024-11-14 03:30:00,1540.3
2024-11-14 03:33:00,1475.8
2024-11-14 03:36:00,1402.1
2024-11-14 03:39:00,1421.5
2024-11-14 03:42:00,1347.5
2024-11-14 03:45:00,1332.9
2024-11-14 03:48:00,1359.8
2024-11-14 03:51:00,1343.1
2024-11-14 03:54:00,1358.7
2024-11-14 03:57:00,1358.2
2024-11-14 04:00:00,1409.9
2024-11-14 04:03:00,1742.7
2024-11-14 04:06:00,1769.6
2024-11-14 04:09:00,1706.3
2024-11-14 04:12:00,1680.5
2024-11-14 04:15:00,1631.4
2024-11-14 04:18:00,1594.7
2024-11-14 04:21:00,1559
2024-11-14 04:24:00,1559.2
2024-11-14 04:27:00,1524.5
2024-11-14 04:30:00,1552.8
2024-11-14 04:33:00,1592.3
2024-11-14 04:36:00,1524.9
2024-11-14 04:39:00,1518.6
2024-11-14 04:42:00,1502.5
2024-11-14 04:45:00,1410.7
2024-11-14 04:48:00,1285.8
2024-11-14 04:51:00,1209.5
2024-11-14 04:54:00,1409.4
2024-11-14 04:57:00,1532.9
2024-11-14 05:00:00,1507.5
2024-11-14 05:03:00,1475.9
2024-11-14 05:06:00,1526.6
2024-11-14 05:09:00,1441.1
2024-11-14 05:12:00,1465.5
2024-11-14 05:15:00,1510.4
2024-11-14 05:18:00,1487.5
2024-11-14 05:21:00,1487.4
2024-11-14 05:24:00,1444.8
2024-11-14 05:27:00,1407.3
2024-11-14 05:30:00,1394.5
2024-11-14 05:33:00,1426.5
2024-11-14 05:36:00,1421.1
2024-11-14 05:39:00,1433.3
2024-11-14 05:42:00,1450.1
2024-11-14 05:45:00,1442.6
2024-11-14 05:48:00,1418.9
2024-11-14 05:51:00,1427.1
2024-11-14 05:54:00,1429.1
2024-11-14 05:57:00,1407.1
2024-11-14 06:00:00,1352.6
2024-11-14 06:03:00,1276.7
2024-11-14 06:06:00,1308.3
2024-11-14 06:09:00,1300.5
2024-11-14 06:12:00,1318
2024-11-14 06:15:00,1370.4
2024-11-14 06:18:00,1373.4
2024-11-14 06:21:00,1371
2024-11-14 06:24:00,1354.3
2024-11-14 06:27:00,1296.5
2024-11-14 06:30:00,1298
2024-11-14 06:33:00,1331.3
2024-11-14 06:36:00,1374
2024-11-14 06:39:00,1314.3
2024-11-14 06:42:00,1275.1
2024-11-14 06:45:00,1257.9
2024-11-14 06:48:00,1296.2
2024-11-14 06:51:00,1266
2024-11-14 06:54:00,1190.4
2024-11-14 06:57:00,1193.6
2024-11-14 07:00:00,1159.8
2024-11-14 07:03:00,1182.8
2024-11-14 07:06:00,1243.5
2024-11-14 07:09:00,1255.7
2024-11-14 07:12:00,1289.5
2024-11-14 07:15:00,1261.6
2024-11-14 07:18:00,1289
2024-11-14 07:21:00,1300.5
2024-11-14 07:24:00,1237.1
2024-11-14 07:27:00,1257.6
2024-11-14 07:30:00,1223.8
2024-11-14 07:33:00,1158.6
2024-11-14 07:36:00,1156.7
2024-11-14 07:39:00,1141
2024-11-14 07:42:00,1119.7
2024-11-14 07:45:00,1160
2024-11-14 07:48:00,1204.8
2024-11-14 07:51:00,1188.1
2024-11-14 07:54:00,1159.6
2024-11-14 07:57:00,1129.9
2024-11-14 08:00:00,1166.2
2024-11-14 08:03:00,1137.6
2024-11-14 08:06:00,1186.6
2024-11-14 08:09:00,1174.1
2024-11-14 08:12:00,1126.2
2024-11-14 08:15:00,1145
2024-11-14 08:18:00,1193.5
2024-11-14 08:21:00,1167.6
2024-11-14 08:24:00,1204.1
2024-11-14 08:27:00,1109.5
2024-11-14 08:30:00,1079
2024-11-14 08:33:00,1100.9
2024-11-14 08:36:00,1087.1
2024-11-14 08:39:00,1081.7
2024-11-14 08:42:00,1075.3
2024-11-14 08:45:00,1132.2
2024-11-14 08:48:00,1100.3
2024-11-14 08:51:00,1050.1
2024-11-14 08:54:00,1018.8
2024-11-14 08:57:00,1108.4
2024-11-14 09:00:00,1060.5
2024-11-14 09:03:00,1033.9
2024-11-14 09:06:00,1056.4
2024-11-14 09:09:00,1096.6
2024-11-14 09:12:00,1082.3
2024-11-14 09:15:00,1105.2
2024-11-14 09:18:00,1117.1
2024-11-14 09:21:00,1119.7
2024-11-14 09:24:00,1101.9
2024-11-14 09:27:00,1092.4
2024-11-14 09:30:00,1083.5
2024-11-14 09:33:00,1047.4
2024-11-14 09:36:00,976.91
2024-11-14 09:39:00,959.69
2024-11-14 09:42:00,940.2
2024-11-14 09:45:00,957.5
2024-11-14 09:48:00,864.34
2024-11-14 09:51:00,909.03
2024-11-14 09:54:00,936.32
2024-11-14 09:57:00,915.84
2024-11-14 10:00:00,966.87
2024-11-14 10:03:00,901.58
2024-11-14 10:06:00,879.91
2024-11-14 10:09:00,938.28
2024-11-14 10:12:00,932.2
2024-11-14 10:15:00,940.66
2024-11-14 10:18:00,878.95
2024-11-14 10:21:00,896.84
2024-11-14 10:24:00,873.46
2024-11-14 10:27:00,800.57
2024-11-14 10:30:00,877.47
2024-11-14 10:33:00,872.73
2024-11-14 10:36:00,853.73
2024-11-14 10:39:00,750.01
2024-11-14 10:42:00,791.88
2024-11-14 10:45:00,793.62
2024-11-14 10:48:00,734.95
2024-11-14 10:51:00,675.11
2024-11-14 10:54:00,624.99
2024-11-14 10:57:00,623.94
2024-11-14 11:00:00,666.9
2024-11-14 11:03:00,737.28
2024-11-14 11:06:00,761.63
2024-11-14 11:09:00,748.23
2024-11-14 11:12:00,794.05
2024-11-14 11:15:00,864.95
2024-11-14 11:18:00,838.67
2024-11-14 11:21:00,874.17
2024-11-14 11:24:00,876.96
2024-11-14 11:27:00,852.5
2024-11-14 11:30:00,893.98
2024-11-14 11:33:00,837.24
2024-11-14 11:36:00,841.78
2024-11-14 11:39:00,860.59
2024-11-14 11:42:00,858.04
2024-11-14 11:45:00,938.53
2024-11-14 11:48:00,938.09
2024-11-14 11:51:00,936.28
2024-11-14 11:54:00,1052.8
2024-11-14 11:57:00,1020.5
2024-11-14 12:00:00,966.43
2024-11-14 12:03:00,937.12
2024-11-14 12:06:00,852.19
2024-11-14 12:09:00,946.84
2024-11-14 12:12:00,946.04
2024-11-14 12:15:00,1017.5
2024-11-14 12:18:00,1020.7
2024-11-14 12:21:00,964.33
2024-11-14 12:24:00,965.63
2024-11-14 12:27:00,950.22
2024-11-14 12:30:00,982.32
2024-11-14 12:33:00,976.37
2024-11-14 12:36:00,913.47
2024-11-14 12:39:00,922.78
2024-11-14 12:42:00,905.86
2024-11-14 12:45:00,900.28
2024-11-14 12:48:00,925.33
2024-11-14 12:51:00,901.02
2024-11-14 12:54:00,940.6
2024-11-14 12:57:00,931.59
2024-11-14 13:00:00,1006.1
2024-11-14 13:03:00,1039.1
2024-11-14 13:06:00,1044.6
2024-11-14 13:09:00,1047.1
2024-11-14 13:12:00,1038.6
2024-11-14 13:15:00,1002.3
2024-11-14 13:18:00,1015.7
2024-11-14 13:21:00,1017.8
2024-11-14 13:24:00,1059.9
2024-11-14 13:27:00,959.95
2024-11-14 13:30:00,1039.8
2024-11-14 13:33:00,1080
2024-11-14 13:36:00,1134.6
2024-11-14 13:39:00,1097.6
2024-11-14 13:42:00,1126
2024-11-14 13:45:00,1119.5
2024-11-14 13:48:00,1142
2024-11-14 13:51:00,1179.4
2024-11-14 13:54:00,1145.5
2024-11-14 13:57:00,1165.9
2024-11-14 14:00:00,1208.4
2024-11-14 14:03:00,1117.3
2024-11-14 14:06:00,1079.4
2024-11-14 14:09:00,1029.7
2024-11-14 14:12:00,958.5
2024-11-14 14:15:00,959.94
2024-11-14 14:18:00,966.18
2024-11-14 14:21:00,1006.7
2024-11-14 14:24:00,1027.4
2024-11-14 14:27:00,964.45
2024-11-14 14:30:00,895.39
2024-11-14 14:33:00,962.96
2024-11-14 14:36:00,964.2
2024-11-14 14:39:00,1000.3
2024-11-14 14:42:00,969.29
2024-11-14 14:45:00,1056.1
2024-11-14 14:48:00,1003.3
2024-11-14 14:51:00,914.69
2024-11-14 14:54:00,896.44
2024-11-14 14:57:00,890.42
2024-11-14 15:00:00,963.37
2024-11-14 15:03:00,964.36
2024-11-14 15:06:00,995.88
2024-11-14 15:09:00,918
2024-11-14 15:12:00,932.48
2024-11-14 15:15:00,919.93
2024-11-14 15:18:00,916.08
2024-11-14 15:21:00,930.15
2024-11-14 15:24:00,898.98
2024-11-14 15:27:00,899.93
2024-11-14 15:30:00,902.11
2024-11-14 15:33:00,909.57
2024-11-14 15:36:00,937.82
2024-11-14 15:39:00,1022.4
2024-11-14 15:42:00,953.94
2024-11-14 15:45:00,952.29
2024-11-14 15:48:00,934.72
2024-11-14 15:51:00,971.84
2024-11-14 15:54:00,991.92
2024-11-14 15:57:00,936.35
2024-11-14 16:00:00,910
2024-11-14 16:03:00,846.91
2024-11-14 16:06:00,843.77
2024-11-14 16:09:00,806.53
2024-11-14 16:12:00,794.23
2024-11-14 16:15:00,868.95
2024-11-14 16:18:00,826.05
2024-11-14 16:21:00,833.86
2024-11-14 16:24:00,826.36
2024-11-14 16:27:00,832.65
2024-11-14 16:30:00,811.11
2024-11-14 16:33:00,776.8
2024-11-14 16:36:00,788.85
2024-11-14 16:39:00,775.59
2024-11-14 16:42:00,842.52
2024-11-14 16:45:00,881.28
2024-11-14 16:48:00,830.61
2024-11-14 16:51:00,841.05
2024-11-14 16:54:00,825.72
2024-11-14 16:57:00,804.17
2024-11-14 17:00:00,763.4
2024-11-14 17:03:00,870.16
2024-11-14 17:06:00,838.59
2024-11-14 17:09:00,846.22
2024-11-14 17:12:00,843.56
2024-11-14 17:15:00,907.8
2024-11-14 17:18:00,917.4
2024-11-14 17:21:00,919.91
2024-11-14 17:24:00,987.61
2024-11-14 17:27:00,957.49
2024-11-14 17:30:00,960.56
2024-11-14 17:33:00,972.85
2024-11-14 17:36:00,983.74
2024-11-14 17:39:00,969.56
2024-11-14 17:42:00,943.75
2024-11-14 17:45:00,877.32
2024-11-14 17:48:00,937.01
2024-11-14 17:51:00,965.57
2024-11-14 17:54:00,952.83
2024-11-14 17:57:00,977.96
2024-11-14 18:00:00,893.59
2024-11-14 18:03:00,984.91
2024-11-14 18:06:00,956.13
2024-11-14 18:09:00,985.12
2024-11-14 18:12:00,986.1
2024-11-14 18:15:00,1004.6
2024-11-14 18:18:00,990.99
2024-11-14 18:21:00,923.01
2024-11-14 18:24:00,817.51
2024-11-14 18:27:00,823.59
2024-11-14 18:30:00,804.23
2024-11-14 18:33:00,750.49
2024-11-14 18:36:00,775.89
2024-11-14 18:39:00,762.15
2024-11-14 18:42:00,807.75
2024-11-14 18:45:00,849.79
2024-11-14 18:48:00,914.42
2024-11-14 18:51:00,948.45
2024-11-14 18:54:00,956.31
2024-11-14 18:57:00,1021.2
2024-11-14 19:00:00,1091.4
2024-11-14 19:03:00,1107
2024-11-14 19:06:00,1121.3
2024-11-14 19:09:00,1096.2
2024-11-14 19:12:00,1169.3
2024-11-14 19:15:00,1164.5
2024-11-14 19:18:00,1187.8
2024-11-14 19:21:00,1188
2024-11-14 19:24:00,1292.6
2024-11-14 19:27:00,1357.4
2024-11-14 19:30:00,1414.3
2024-11-14 19:33:00,1478.1
2024-11-14 19:36:00,1453.2
2024-11-14 19:39:00,1460.5
2024-11-14 19:42:00,1485
2024-11-14 19:45:00,1557.7
2024-11-14 19:48:00,1639
2024-11-14 19:51:00,1664.4
2024-11-14 19:54:00,1679.4
2024-11-14 19:57:00,1734.2
2024-11-14 20:00:00,1736.8
2024-11-14 20:03:00,1610.3
2024-11-14 20:06:00,1630.3
2024-11-14 20:09:00,1651.1
2024-11-14 20:12:00,1668.6
2024-11-14 20:15:00,1614.6
2024-11-14 20:18:00,1641.3
2024-11-14 20:21:00,1543.9
2024-11-14 20:24:00,1487.8
2024-11-14 20:27:00,1466.6
2024-11-14 20:30:00,1490.6
2024-11-14 20:33:00,1490
2024-11-14 20:36:00,1464.4
2024-11-14 20:39:00,1432.2
2024-11-14 20:42:00,1398.4
2024-11-14 20:45:00,1460.5
2024-11-14 20:48:00,1427
2024-11-14 20:51:00,1406.3
2024-11-14 20:54:00,1421.5
2024-11-14 20:57:00,1454.8
2024-11-14 21:00:00,1477.8
2024-11-14 21:03:00,1516.1
2024-11-14 21:06:00,1492.9
2024-11-14 21:09:00,1522.3
2024-11-14 21:12:00,1547.3
2024-11-14 21:15:00,1582.5
2024-11-14 21:18:00,1660.9
2024-11-14 21:21:00,1627.8
2024-11-14 21:24:00,1589
2024-11-14 21:27:00,1586.9
2024-11-14 21:30:00,1645.2
2024-11-14 21:33:00,1681.9
2024-11-14 21:36:00,1678.7
2024-11-14 21:39:00,1688.2
2024-11-14 21:42:00,1686.5
2024-11-14 21:45:00,1672.7
2024-11-14 21:48:00,1695.9
2024-11-14 21:51:00,1690.5
2024-11-14 21:54:00,1699.3
2024-11-14 21:57:00,1686.1
2024-11-14 22:00:00,1650.3
2024-11-14 22:03:00,1696.5
2024-11-14 22:06:00,1641.8
2024-11-14 22:09:00,1665.9
2024-11-14 22:12:00,1610.3
2024-11-14 22:15:00,1597.5
2024-11-14 22:18:00,1627.8
2024-11-14 22:21:00,1650.2
2024-11-14 22:24:00,1638
2024-11-14 22:27:00,1626.5
2024-11-14 22:30:00,1645.6
2024-11-14 22:33:00,1625.6
2024-11-14 22:36:00,1597.1
2024-11-14 22:39:00,1521.7
2024-11-14 22:42:00,1512.3
2024-11-14 22:45:00,1586.2
2024-11-14 22:48:00,1598.1
2024-11-14 22:51:00,1675.6
2024-11-14 22:54:00,1691.1
2024-11-14 22:57:00,1619.6
2024-11-14 23:00:00,1492.4
2024-11-14 23:03:00,1521.8
2024-11-14 23:06:00,1537.7
2024-11-14 23:09:00,1524.8
2024-11-14 23:12:00,1495
2024-11-14 23:15:00,1463.2
2024-11-14 23:18:00,1466.4
2024-11-14 23:21:00,1436
2024-11-14 23:24:00,1399.1
2024-11-14 23:27:00,1365
2024-11-14 23:30:00,1353.5
2024-11-14 23:33:00,1368
2024-11-14 23:36:00,1444.6
2024-11-14 23:39:00,1432.4
2024-11-14 23:42:00,1463.4
2024-11-14 23:45:00,1466.4
2024-11-14 23:48:00,1477.6
2024-11-14 23:51:00,1520.1
2024-11-14 23:54:00,1529.1
2024-11-14 23:57:00,1528.8
2024-11-15 00:00:00,1571.8
2024-11-15 00:03:00,1602.3
2024-11-15 00:06:00,1584
2024-11-15 00:09:00,1524.6
2024-11-15 00:12:00,1474.4
2024-11-15 00:15:00,1416.6
2024-11-15 00:18:00,1455.9
2024-11-15 00:21:00,1501.4
2024-11-15 00:24:00,1495.9
2024-11-15 00:27:00,1484.1
2024-11-15 00:30:00,1445.5
2024-11-15 00:33:00,1408.9
2024-11-15 00:36:00,1412.2
2024-11-15 00:39:00,1415.4
2024-11-15 00:42:00,1411.4
2024-11-15 00:45:00,1432
2024-11-15 00:48:00,1419.4
2024-11-15 00:51:00,1419.3
2024-11-15 00:54:00,1426.9
2024-11-15 00:57:00,1373.2
2024-11-15 01:00:00,1369.4
2024-11-15 01:03:00,1396.1
2024-11-15 01:06:00,1377.9
2024-11-15 01:09:00,1335.4
2024-11-15 01:12:00,1319.6
2024-11-15 01:15:00,1329.7
2024-11-15 01:18:00,1407.3
2024-11-15 01:21:00,1431.1
2024-11-15 01:24:00,1394.1
2024-11-15 01:27:00,1440.5
2024-11-15 01:30:00,1401.5
2024-11-15 01:33:00,1377.8
2024-11-15 01:36:00,1345.6
2024-11-15 01:39:00,1428.7
2024-11-15 01:42:00,1324.4
2024-11-15 01:45:00,1291.3
2024-11-15 01:48:00,1279.9
2024-11-15 01:51:00,1261
2024-11-15 01:54:00,1255.6
2024-11-15 01:57:00,1258.9
2024-11-15 02:00:00,1248.9
2024-11-15 02:03:00,1182.2
2024-11-15 02:06:00,1185.2
2024-11-15 02:09:00,1140.4
2024-11-15 02:12:00,1091
2024-11-15 02:15:00,1052.8
2024-11-15 02:18:00,1039.2
2024-11-15 02:21:00,1036.1
2024-11-15 02:24:00,1055.9
2024-11-15 02:27:00,1073.2
2024-11-15 02:30:00,1095.2
2024-11-15 02:33:00,1158.7
2024-11-15 02:36:00,1225.6
2024-11-15 02:39:00,1217.4
2024-11-15 02:42:00,1203.3
2024-11-15 02:45:00,1222.2
2024-11-15 02:48:00,1227
2024-11-15 02:51:00,1242
2024-11-15 02:54:00,1231.9
2024-11-15 02:57:00,1219.5
2024-11-15 03:00:00,1196.9
2024-11-15 03:03:00,1148.6
2024-11-15 03:06:00,1131
2024-11-15 03:09:00,1148.8
2024-11-15 03:12:00,1165.4
2024-11-15 03:15:00,1148.6
2024-11-15 03:18:00,1153
2024-11-15 03:21:00,1098.3
2024-11-15 03:24:00,1075
2024-11-15 03:27:00,1034.1
2024-11-15 03:30:00,992.87
2024-11-15 03:33:00,978.03
2024-11-15 03:36:00,984.81
2024-11-15 03:39:00,945.42
2024-11-15 03:42:00,845.37
2024-11-15 03:45:00,808.95
2024-11-15 03:48:00,764.2
2024-11-15 03:51:00,779.08
2024-11-15 03:54:00,769.32
2024-11-15 03:57:00,817.68
2024-11-15 04:00:00,876.19
2024-11-15 04:03:00,839.16
2024-11-15 04:06:00,834.01
2024-11-15 04:09:00,822.03
2024-11-15 04:12:00,746.01
2024-11-15 04:15:00,763.97
2024-11-15 04:18:00,725.44
2024-11-15 04:21:00,714.81
2024-11-15 04:24:00,717.8
2024-11-15 04:27:00,720.41
2024-11-15 04:30:00,660.76
2024-11-15 04:33:00,646.65
2024-11-15 04:36:00,703.97
2024-11-15 04:39:00,643.72
2024-11-15 04:42:00,553.9
2024-11-15 04:45:00,410.97
2024-11-15 04:48:00,314.25
2024-11-15 04:51:00,237.53
2024-11-15 04:54:00,184.12
2024-11-15 04:57:00,179.63
2024-11-15 05:00:00,211.97
2024-11-15 05:03:00,299.85
2024-11-15 05:06:00,382.04
2024-11-15 05:09:00,442.18
2024-11-15 05:12:00,404.92
2024-11-15 05:15:00,391.62
2024-11-15 05:18:00,327
2024-11-15 05:21:00,273.44
2024-11-15 05:24:00,305.94
2024-11-15 05:27:00,227.2
2024-11-15 05:30:00,258.04
2024-11-15 05:33:00,242.13
2024-11-15 05:36:00,228.55
2024-11-15 05:39:00,185.09
2024-11-15 05:42:00,232.27
2024-11-15 05:45:00,138.99
2024-11-15 05:48:00,75.839
2024-11-15 05:51:00,32.613
2024-11-15 05:54:00,70.223
2024-11-15 05:57:00,106.34
2024-11-15 06:00:00,194.71
2024-11-15 06:03:00,228.58
2024-11-15 06:06:00,262.56
2024-11-15 06:09:00,238.28
2024-11-15 06:12:00,182.25
2024-11-15 06:15:00,190.61
2024-11-15 06:18:00,152.46
2024-11-15 06:21:00,181.02
2024-11-15 06:24:00,227.54
2024-11-15 06:27:00,227.97
2024-11-15 06:30:00,197.41
2024-11-15 06:33:00,195.52
2024-11-15 06:36:00,282.31
2024-11-15 06:39:00,330.35
2024-11-15 06:42:00,353.17
2024-11-15 06:45:00,396.81
2024-11-15 06:48:00,391.83
2024-11-15 06:51:00,395.4
2024-11-15 06:54:00,395.35
2024-11-15 06:57:00,355.35
2024-11-15 07:00:00,367.4
2024-11-15 07:03:00,421.23
2024-11-15 07:06:00,437.98
2024-11-15 07:09:00,379.52
2024-11-15 07:12:00,288.22
2024-11-15 07:15:00,249.7
2024-11-15 07:18:00,289.85
2024-11-15 07:21:00,258.26
2024-11-15 07:24:00,199.83
2024-11-15 07:27:00,151.98
2024-11-15 07:30:00,161.71
2024-11-15 07:33:00,235.83
2024-11-15 07:36:00,292.88
2024-11-15 07:39:00,338.59
2024-11-15 07:42:00,365.22
2024-11-15 07:45:00,427.49
2024-11-15 07:48:00,495.43
2024-11-15 07:51:00,479.27
2024-11-15 07:54:00,484.51
2024-11-15 07:57:00,426.42
2024-11-15 08:00:00,381.58
2024-11-15 08:03:00,370.37
2024-11-15 08:06:00,362.03
2024-11-15 08:09:00,401.39
2024-11-15 08:12:00,406.03
2024-11-15 08:15:00,397.79
2024-11-15 08:18:00,431.32
2024-11-15 08:21:00,467
2024-11-15 08:24:00,530.44
2024-11-15 08:27:00,549.55
2024-11-15 08:30:00,496.4
2024-11-15 08:33:00,433.89
2024-11-15 08:36:00,448.48
2024-11-15 08:39:00,427.42
2024-11-15 08:42:00,431.73
2024-11-15 08:45:00,489.48
2024-11-15 08:48:00,469.02
2024-11-15 08:51:00,489.43
2024-11-15 08:54:00,527.21
2024-11-15 08:57:00,500.41
2024-11-15 09:00:00,484.18
2024-11-15 09:03:00,500.56
2024-11-15 09:06:00,479.77
2024-11-15 09:09:00,520.57
2024-11-15 09:12:00,511.03
2024-11-15 09:15:00,499.32
2024-11-15 09:18:00,496.43
2024-11-15 09:21:00,526.86
2024-11-15 09:24:00,561.3
2024-11-15 09:27:00,579.29
2024-11-15 09:30:00,554.67
2024-11-15 09:33:00,565.26
2024-11-15 09:36:00,574.82
2024-11-15 09:39:00,518.95
2024-11-15 09:42:00,464.7
2024-11-15 09:45:00,460.56
2024-11-15 09:48:00,438.28
2024-11-15 09:51:00,502.34
2024-11-15 09:54:00,590.57
2024-11-15 09:57:00,608.05
2024-11-15 10:00:00,696.58
2024-11-15 10:03:00,703.79
2024-11-15 10:06:00,726.4
2024-11-15 10:09:00,744.44
2024-11-15 10:12:00,662.27
2024-11-15 10:15:00,561.71
2024-11-15 10:18:00,546.14
2024-11-15 10:21:00,633.68
2024-11-15 10:24:00,632.56
2024-11-15 10:27:00,654.71
2024-11-15 10:30:00,694.72
2024-11-15 10:33:00,718.99
2024-11-15 10:36:00,755.08
2024-11-15 10:39:00,765.91
2024-11-15 10:42:00,812.31
2024-11-15 10:45:00,882.11
2024-11-15 10:48:00,989.83
2024-11-15 10:51:00,1003.6
2024-11-15 10:54:00,995.36
2024-11-15 10:57:00,990.62
2024-11-15 11:00:00,966.1
2024-11-15 11:03:00,1010.8
2024-11-15 11:06:00,1012.3
2024-11-15 11:09:00,1005.9
2024-11-15 11:12:00,1029.5
2024-11-15 11:15:00,1058.3
2024-11-15 11:18:00,1036.8
2024-11-15 11:21:00,1049
2024-11-15 11:24:00,1027.6
2024-11-15 11:27:00,972.07
2024-11-15 11:30:00,993.13
2024-11-15 11:33:00,1004.9
2024-11-15 11:36:00,1051
2024-11-15 11:39:00,1035.3
2024-11-15 11:42:00,1061.1
2024-11-15 11:45:00,1132.3
2024-11-15 11:48:00,1153.1
2024-11-15 11:51:00,1164.6
2024-11-15 11:54:00,1143.5
2024-11-15 11:57:00,1131
2024-11-15 12:00:00,1187.6
2024-11-15 12:03:00,1211.4
2024-11-15 12:06:00,1282.6
2024-11-15 12:09:00,1275.2
2024-11-15 12:12:00,1285.9
2024-11-15 12:15:00,1315.9
2024-11-15 12:18:00,1333.9
2024-11-15 12:21:00,1359.7
2024-11-15 12:24:00,1348.1
2024-11-15 12:27:00,1293.4
2024-11-15 12:30:00,1331.1
2024-11-15 12:33:00,1317.8
2024-11-15 12:36:00,1349.8
2024-11-15 12:39:00,1332.3
2024-11-15 12:42:00,1357.1
2024-11-15 12:45:00,1421.9
2024-11-15 12:48:00,1383.1
2024-11-15 12:51:00,1426.8
2024-11-15 12:54:00,1515
2024-11-15 12:57:00,1544.8
2024-11-15 13:00:00,1557.3
2024-11-15 13:03:00,1493
2024-11-15 13:06:00,1569
2024-11-15 13:09:00,1597.7
2024-11-15 13:12:00,1590
2024-11-15 13:15:00,1570.7
2024-11-15 13:18:00,1545.5
2024-11-15 13:21:00,1510.3
2024-11-15 13:24:00,1531.7
2024-11-15 13:27:00,1470.6
2024-11-15 13:30:00,1389.2
2024-11-15 13:33:00,1362.1
2024-11-15 13:36:00,1393.2
2024-11-15 13:39:00,1365.7
2024-11-15 13:42:00,1310.5
2024-11-15 13:45:00,1270.8
2024-11-15 13:48:00,1263.8
2024-11-15 13:51:00,1221.1
2024-11-15 13:54:00,1190.8
2024-11-15 13:57:00,1238
2024-11-15 14:00:00,1224.7
2024-11-15 14:03:00,1372.3
2024-11-15 14:06:00,1401.2
2024-11-15 14:09:00,1368
2024-11-15 14:12:00,1349
2024-11-15 14:15:00,1306.9
2024-11-15 14:18:00,1295.8
2024-11-15 14:21:00,1295.2
2024-11-15 14:24:00,1354.5
2024-11-15 14:27:00,1325.2
2024-11-15 14:30:00,1301.7
2024-11-15 14:33:00,1346.9
2024-11-15 14:36:00,1303.6
2024-11-15 14:39:00,1326.2
2024-11-15 14:42:00,1301.3
2024-11-15 14:45:00,1318.8
2024-11-15 14:48:00,1331.8
2024-11-15 14:51:00,1317
2024-11-15 14:54:00,1275.2
2024-11-15 14:57:00,1312
2024-11-15 15:00:00,1327
2024-11-15 15:03:00,1302.7
2024-11-15 15:06:00,1287.7
2024-11-15 15:09:00,1284.8
2024-11-15 15:12:00,1260.1
2024-11-15 15:15:00,1283.3
2024-11-15 15:18:00,1325
2024-11-15 15:21:00,1326.6
2024-11-15 15:24:00,1353
2024-11-15 15:27:00,1354.1
2024-11-15 15:30:00,1359.4
2024-11-15 15:33:00,1401.4
2024-11-15 15:36:00,1354
2024-11-15 15:39:00,1364.4
2024-11-15 15:42:00,1339.8
2024-11-15 15:45:00,1340
2024-11-15 15:48:00,1374.5
2024-11-15 15:51:00,1390.1
2024-11-15 15:54:00,1397.6
2024-11-15 15:57:00,1409.1
2024-11-15 16:00:00,1357.4
2024-11-15 16:03:00,1422.7
2024-11-15 16:06:00,1427.5
2024-11-15 16:09:00,1483.9
2024-11-15 16:12:00,1442.8
2024-11-15 16:15:00,1488.8
2024-11-15 16:18:00,1469.7
2024-11-15 16:21:00,1473.7
2024-11-15 16:24:00,1507.8
2024-11-15 16:27:00,1497.9
2024-11-15 16:30:00,1519.1
2024-11-15 16:33:00,1479
2024-11-15 16:36:00,1524.6
2024-11-15 16:39:00,1518.2
2024-11-15 16:42:00,1502.3
2024-11-15 16:45:00,1510.8
2024-11-15 16:48:00,1525
2024-11-15 16:51:00,1572.1
2024-11-15 16:54:00,1599.9
2024-11-15 16:57:00,1522.7
2024-11-15 17:00:00,1513.8
2024-11-15 17:03:00,1503.7
2024-11-15 17:06:00,1498.7
2024-11-15 17:09:00,1483.8
2024-11-15 17:12:00,1493.9
2024-11-15 17:15:00,1474
2024-11-15 17:18:00,1439.1
2024-11-15 17:21:00,1456.7
2024-11-15 17:24:00,1472.9
2024-11-15 17:27:00,1477.5
2024-11-15 17:30:00,1503.9
2024-11-15 17:33:00,1584.7
2024-11-15 17:36:00,1595.7
2024-11-15 17:39:00,1636.3
2024-11-15 17:42:00,1602.8
2024-11-15 17:45:00,1610.5
2024-11-15 17:48:00,1668.9
2024-11-15 17:51:00,1651.6
2024-11-15 17:54:00,1672.3
2024-11-15 17:57:00,1664.5
2024-11-15 18:00:00,1683.5
2024-11-15 18:03:00,1660.1
2024-11-15 18:06:00,1658.7
2024-11-15 18:09:00,1615
2024-11-15 18:12:00,1589
2024-11-15 18:15:00,1553.5
2024-11-15 18:18:00,1566.4
2024-11-15 18:21:00,1606.1
2024-11-15 18:24:00,1656.5
2024-11-15 18:27:00,1676.9
2024-11-15 18:30:00,1723.3
2024-11-15 18:33:00,1688.1
2024-11-15 18:36:00,1673.2
2024-11-15 18:39:00,1678.5
2024-11-15 18:42:00,1687
2024-11-15 18:45:00,1663.3
2024-11-15 18:48:00,1661.6
2024-11-15 18:51:00,1661.7
2024-11-15 18:54:00,1615.8
2024-11-15 18:57:00,1562.8
2024-11-15 19:00:00,1243.5
2024-11-15 19:03:00,1165.1
2024-11-15 19:06:00,1078.3
2024-11-15 19:09:00,1000.4
2024-11-15 19:12:00,912.29
2024-11-15 19:15:00,887.05
2024-11-15 19:18:00,899.49
2024-11-15 19:21:00,875.56
2024-11-15 19:24:00,880.54
2024-11-15 19:27:00,903.27
2024-11-15 19:30:00,886.74
2024-11-15 19:33:00,921.44
2024-11-15 19:36:00,930.45
2024-11-15 19:39:00,971.35
2024-11-15 19:42:00,1008.3
2024-11-15 19:45:00,1074.2
2024-11-15 19:48:00,1092.8
2024-11-15 19:51:00,1045.4
2024-11-15 19:54:00,1048.1
2024-11-15 19:57:00,996.17
2024-11-15 20:00:00,829.24
2024-11-15 20:03:00,453.49
2024-11-15 20:06:00,400.59
2024-11-15 20:09:00,329.41
2024-11-15 20:12:00,310.13
2024-11-15 20:15:00,290.26
2024-11-15 20:18:00,296.01
2024-11-15 20:21:00,299.02
2024-11-15 20:24:00,288.19
2024-11-15 20:27:00,315.95
2024-11-15 20:30:00,290.14
2024-11-15 20:33:00,304.54
2024-11-15 20:36:00,328.5
2024-11-15 20:39:00,345.46
2024-11-15 20:42:00,333.06
2024-11-15 20:45:00,378.62
2024-11-15 20:48:00,429.76
2024-11-15 20:51:00,470.54
2024-11-15 20:54:00,465.94
2024-11-15 20:57:00,451.25
2024-11-15 21:00:00,397.4
2024-11-15 21:03:00,354.54
2024-11-15 21:06:00,312.47
2024-11-15 21:09:00,366.39
2024-11-15 21:12:00,370.42
2024-11-15 21:15:00,339.18
2024-11-15 21:18:00,315.6
2024-11-15 21:21:00,295.57
2024-11-15 21:24:00,261.46
2024-11-15 21:27:00,262.61
2024-11-15 21:30:00,248.33
2024-11-15 21:33:00,377.33
2024-11-15 21:36:00,332.64
2024-11-15 21:39:00,326.58
2024-11-15 21:42:00,266.4
2024-11-15 21:45:00,256.29
2024-11-15 21:48:00,255.44
2024-11-15 21:51:00,286.09
2024-11-15 21:54:00,346.53
2024-11-15 21:57:00,370.2
2024-11-15 22:00:00,420.84
2024-11-15 22:03:00,355.32
2024-11-15 22:06:00,356.02
2024-11-15 22:09:00,352.51
2024-11-15 22:12:00,334.6
2024-11-15 22:15:00,374.15
2024-11-15 22:18:00,352.82
2024-11-15 22:21:00,317.08
2024-11-15 22:24:00,329.67
2024-11-15 22:27:00,328.14
2024-11-15 22:30:00,287
2024-11-15 22:33:00,276.06
2024-11-15 22:36:00,215.85
2024-11-15 22:39:00,232.15
2024-11-15 22:42:00,287.14
2024-11-15 22:45:00,341.97
2024-11-15 22:48:00,384.7
2024-11-15 22:51:00,497.88
2024-11-15 22:54:00,464.77
2024-11-15 22:57:00,404.45
2024-11-15 23:00:00,354.24
2024-11-15 23:03:00,258.52
2024-11-15 23:06:00,501.68
2024-11-15 23:09:00,531.16
2024-11-15 23:12:00,565.66
2024-11-15 23:15:00,480.64
2024-11-15 23:18:00,457.41
2024-11-15 23:21:00,489.09
2024-11-15 23:24:00,476.29
2024-11-15 23:27:00,427.9
2024-11-15 23:30:00,433.17
2024-11-15 23:33:00,483.09
2024-11-15 23:36:00,497.95
2024-11-15 23:39:00,508.39
2024-11-15 23:42:00,516.82
2024-11-15 23:45:00,507.48
2024-11-15 23:48:00,531.74
2024-11-15 23:51:00,560.15
2024-11-15 23:54:00,561.95
2024-11-15 23:57:00,573.86
2024-11-16 00:00:00,439.29
2024-11-16 00:03:00,460.18
2024-11-16 00:06:00,459.09
2024-11-16 00:09:00,444.84
2024-11-16 00:12:00,432.49
2024-11-16 00:15:00,463.07
2024-11-16 00:18:00,468.18
2024-11-16 00:21:00,464.88
2024-11-16 00:24:00,356.91
2024-11-16 00:27:00,225.48
2024-11-16 00:30:00,209.55
2024-11-16 00:33:00,240.93
2024-11-16 00:36:00,233.66
2024-11-16 00:39:00,198.42
2024-11-16 00:42:00,178.82
2024-11-16 00:45:00,209.49
2024-11-16 00:48:00,198.22
2024-11-16 00:51:00,206.38
2024-11-16 00:54:00,219.42
2024-11-16 00:57:00,210.06
2024-11-16 01:00:00,227.53
2024-11-16 01:03:00,186.35
2024-11-16 01:06:00,67.306
2024-11-16 01:09:00,29.176
2024-11-16 01:12:00,35.902
2024-11-16 01:15:00,10.422
2024-11-16 01:18:00,24.748
2024-11-16 01:21:00,3.9962
2024-11-16 01:24:00,44.696
2024-11-16 01:27:00,105.12
2024-11-16 01:30:00,104.65
2024-11-16 01:33:00,58.419
2024-11-16 01:36:00,41.894
2024-11-16 01:39:00,26.31
2024-11-16 01:42:00,23.911
2024-11-16 01:45:00,33.615
2024-11-16 01:48:00,65.22
2024-11-16 01:51:00,69.452
2024-11-16 01:54:00,127.32
2024-11-16 01:57:00,55.754
2024-11-16 02:00:00,29.527
2024-11-16 02:03:00,26.813
2024-11-16 02:06:00,8.4764
2024-11-16 02:09:00,27.682
2024-11-16 02:12:00,107.39
2024-11-16 02:15:00,131.81
2024-11-16 02:18:00,187.39
2024-11-16 02:21:00,216.34
2024-11-16 02:24:00,195.96
2024-11-16 02:27:00,179.14
2024-11-16 02:30:00,165.08
2024-11-16 02:33:00,153.76
2024-11-16 02:36:00,171.21
2024-11-16 02:39:00,195.27
2024-11-16 02:42:00,185.29
2024-11-16 02:45:00,267.49
2024-11-16 02:48:00,206.88
2024-11-16 02:51:00,186.11
2024-11-16 02:54:00,272.77
2024-11-16 02:57:00,237.56
2024-11-16 03:00:00,376.06
2024-11-16 03:03:00,385.43
2024-11-16 03:06:00,323.55
2024-11-16 03:09:00,341.27
2024-11-16 03:12:00,338.38
2024-11-16 03:15:00,350.81
2024-11-16 03:18:00,365.3
2024-11-16 03:21:00,353.03
2024-11-16 03:24:00,261.28
2024-11-16 03:27:00,256.89
2024-11-16 03:30:00,275.96
2024-11-16 03:33:00,242.68
2024-11-16 03:36:00,249.75
2024-11-16 03:39:00,258.13
2024-11-16 03:42:00,209.15
2024-11-16 03:45:00,255.73
2024-11-16 03:48:00,289.19
2024-11-16 03:51:00,251.32
2024-11-16 03:54:00,258.18
2024-11-16 03:57:00,267.27
2024-11-16 04:00:00,264.88
2024-11-16 04:03:00,195.91
2024-11-16 04:06:00,195.09
2024-11-16 04:09:00,86.746
2024-11-16 04:12:00,282.11
2024-11-16 04:15:00,323.04
2024-11-16 04:18:00,360.27
2024-11-16 04:21:00,352.62
2024-11-16 04:24:00,411.65
2024-11-16 04:27:00,433.73
2024-11-16 04:30:00,464.99
2024-11-16 04:33:00,536.84
2024-11-16 04:36:00,564.03
2024-11-16 04:39:00,534.81
2024-11-16 04:42:00,538.49
2024-11-16 04:45:00,492.21
2024-11-16 04:48:00,473.48
2024-11-16 04:51:00,465.1
2024-11-16 04:54:00,467.29
2024-11-16 04:57:00,445.67
2024-11-16 05:00:00,505.68
2024-11-16 05:03:00,517.91
2024-11-16 05:06:00,454.45
2024-11-16 05:09:00,414.77
2024-11-16 05:12:00,373.12
2024-11-16 05:15:00,391.08
2024-11-16 05:18:00,417.33
2024-11-16 05:21:00,440.96
2024-11-16 05:24:00,512.79
2024-11-16 05:27:00,491.52
2024-11-16 05:30:00,518.68
2024-11-16 05:33:00,576.05
2024-11-16 05:36:00,526.01
2024-11-16 05:39:00,511.56
2024-11-16 05:42:00,447.2
2024-11-16 05:45:00,516.05
2024-11-16 05:48:00,547.31
2024-11-16 05:51:00,537.46
2024-11-16 05:54:00,503.65
2024-11-16 05:57:00,497.92
2024-11-16 06:00:00,503.1
2024-11-16 06:03:00,579.7
2024-11-16 06:06:00,638.7
2024-11-16 06:09:00,660.56
2024-11-16 06:12:00,626.31
2024-11-16 06:15:00,603.81
2024-11-16 06:18:00,649.47
2024-11-16 06:21:00,645.56
2024-11-16 06:24:00,690.1
2024-11-16 06:27:00,708.25
2024-11-16 06:30:00,717.37
2024-11-16 06:33:00,822.1
2024-11-16 06:36:00,884.81
2024-11-16 06:39:00,946.05
2024-11-16 06:42:00,981.15
2024-11-16 06:45:00,990.71
2024-11-16 06:48:00,1016.5
2024-11-16 06:51:00,925.34
2024-11-16 06:54:00,837.48
2024-11-16 06:57:00,947.85
2024-11-16 07:00:00,956.77
2024-11-16 07:03:00,875.41
2024-11-16 07:06:00,914.15
2024-11-16 07:09:00,956.45
2024-11-16 07:12:00,1004.3
2024-11-16 07:15:00,991.86
2024-11-16 07:18:00,956.96
2024-11-16 07:21:00,982.87
2024-11-16 07:24:00,1008.2
2024-11-16 07:27:00,995.78
2024-11-16 07:30:00,999.98
2024-11-16 07:33:00,990.88
2024-11-16 07:36:00,1026.3
2024-11-16 07:39:00,1071.2
2024-11-16 07:42:00,1046.4
2024-11-16 07:45:00,1012.5
2024-11-16 07:48:00,960.25
2024-11-16 07:51:00,993.05
2024-11-16 07:54:00,1046
2024-11-16 07:57:00,1141.3
2024-11-16 08:00:00,1369
2024-11-16 08:03:00,1465.7
2024-11-16 08:06:00,1419
2024-11-16 08:09:00,1378.8
2024-11-16 08:12:00,1419.6
2024-11-16 08:15:00,1487.2
2024-11-16 08:18:00,1478.1
2024-11-16 08:21:00,1426.8
2024-11-16 08:24:00,1396.1
2024-11-16 08:27:00,1366.6
2024-11-16 08:30:00,1372.3
2024-11-16 08:33:00,1416.2
2024-11-16 08:36:00,1398.3
2024-11-16 08:39:00,1398.3
2024-11-16 08:42:00,1346.7
2024-11-16 08:45:00,1331.5
2024-11-16 08:48:00,1299.9
2024-11-16 08:51:00,1199.9
2024-11-16 08:54:00,1204.7
2024-11-16 08:57:00,1271.6
2024-11-16 09:00:00,1180.8
2024-11-16 09:03:00,1057.7
2024-11-16 09:06:00,931.42
2024-11-16 09:09:00,942.65
2024-11-16 09:12:00,928.31
2024-11-16 09:15:00,932.68
2024-11-16 09:18:00,861.63
2024-11-16 09:21:00,854.4
2024-11-16 09:24:00,771.04
2024-11-16 09:27:00,743.12
2024-11-16 09:30:00,657.92
2024-11-16 09:33:00,556.15
2024-11-16 09:36:00,444.3
2024-11-16 09:39:00,410.98
2024-11-16 09:42:00,377.02
2024-11-16 09:45:00,310.86
2024-11-16 09:48:00,250.35
2024-11-16 09:51:00,220.56
2024-11-16 09:54:00,209.01
2024-11-16 09:57:00,228.69
2024-11-16 10:00:00,243.68
2024-11-16 10:03:00,215.96
2024-11-16 10:06:00,226.3
2024-11-16 10:09:00,163.1
2024-11-16 10:12:00,57.524
2024-11-16 10:15:00,20.032
2024-11-16 10:18:00,-1.558
2024-11-16 10:21:00,-94.031
2024-11-16 10:24:00,-113.27
2024-11-16 10:27:00,-153.7
2024-11-16 10:30:00,-225.13
2024-11-16 10:33:00,-222.48
2024-11-16 10:36:00,-251.15
2024-11-16 10:39:00,-290.31
2024-11-16 10:42:00,-348.81
2024-11-16 10:45:00,-373.01
2024-11-16 10:48:00,-470.1
2024-11-16 10:51:00,-581.55
2024-11-16 10:54:00,-664.37
2024-11-16 10:57:00,-759.27
2024-11-16 11:00:00,-813.24
2024-11-16 11:03:00,-885.33
2024-11-16 11:06:00,-950.78
2024-11-16 11:09:00,-946.42
2024-11-16 11:12:00,-891.68
2024-11-16 11:15:00,-835.59
2024-11-16 11:18:00,-802.16
2024-11-16 11:21:00,-796.44
2024-11-16 11:24:00,-806.91
2024-11-16 11:27:00,-780.91
2024-11-16 11:30:00,-800
2024-11-16 11:33:00,-774.94
2024-11-16 11:36:00,-786.37
2024-11-16 11:39:00,-786.72
2024-11-16 11:42:00,-661.21
2024-11-16 11:45:00,-641.73
2024-11-16 11:48:00,-587.13
2024-11-16 11:51:00,-425.28
2024-11-16 11:54:00,-344.73
2024-11-16 11:57:00,-193.38
2024-11-16 12:00:00,-59.75
2024-11-16 12:03:00,3.1806
2024-11-16 12:06:00,93.931
2024-11-16 12:09:00,139.99
2024-11-16 12:12:00,245.81
2024-11-16 12:15:00,203.28
2024-11-16 12:18:00,311.28
2024-11-16 12:21:00,332.34
2024-11-16 12:24:00,334
2024-11-16 12:27:00,433.49
2024-11-16 12:30:00,474.47
2024-11-16 12:33:00,477.1
2024-11-16 12:36:00,381.49
2024-11-16 12:39:00,332.42
2024-11-16 12:42:00,357.62
2024-11-16 12:45:00,387.02
2024-11-16 12:48:00,394.92
2024-11-16 12:51:00,484.25
2024-11-16 12:54:00,510.22
2024-11-16 12:57:00,557.71
2024-11-16 13:00:00,555.1
2024-11-16 13:03:00,558.2
2024-11-16 13:06:00,497.96
2024-11-16 13:09:00,482.43
2024-11-16 13:12:00,458.88
2024-11-16 13:15:00,434.6
2024-11-16 13:18:00,501.44
2024-11-16 13:21:00,545.95
2024-11-16 13:24:00,590.59
2024-11-16 13:27:00,703.58
2024-11-16 13:30:00,674.69
2024-11-16 13:33:00,657.97
2024-11-16 13:36:00,718.91
2024-11-16 13:39:00,644.23
2024-11-16 13:42:00,640.46
2024-11-16 13:45:00,664.07
2024-11-16 13:48:00,741.93
2024-11-16 13:51:00,769.38
2024-11-16 13:54:00,789.05
2024-11-16 13:57:00,826.41
2024-11-16 14:00:00,821.6
2024-11-16 14:03:00,692.5
2024-11-16 14:06:00,627.67
2024-11-16 14:09:00,590.75
2024-11-16 14:12:00,541.99
2024-11-16 14:15:00,564.13
2024-11-16 14:18:00,492.72
2024-11-16 14:21:00,449.99
2024-11-16 14:24:00,364.87
2024-11-16 14:27:00,371.36
2024-11-16 14:30:00,385.77
2024-11-16 14:33:00,459.06
2024-11-16 14:36:00,543.67
2024-11-16 14:39:00,643.64
2024-11-16 14:42:00,737.9
2024-11-16 14:45:00,836.49
2024-11-16 14:48:00,937.39
2024-11-16 14:51:00,1012.1
2024-11-16 14:54:00,1040.3
2024-11-16 14:57:00,1075.7
2024-11-16 15:00:00,1150
2024-11-16 15:03:00,1166.2
2024-11-16 15:06:00,1143.3
2024-11-16 15:09:00,1174.7
2024-11-16 15:12:00,1184.3
2024-11-16 15:15:00,1128.8
2024-11-16 15:18:00,1199.5
2024-11-16 15:21:00,1257.5
2024-11-16 15:24:00,1293.6
2024-11-16 15:27:00,1326
2024-11-16 15:30:00,1298
2024-11-16 15:33:00,1319.3
2024-11-16 15:36:00,1364.4
2024-11-16 15:39:00,1367.7
2024-11-16 15:42:00,1354.3
2024-11-16 15:45:00,1346.3
2024-11-16 15:48:00,1402.8
2024-11-16 15:51:00,1430
2024-11-16 15:54:00,1473.2
2024-11-16 15:57:00,1520.5
2024-11-16 16:00:00,1536.3
2024-11-16 16:03:00,1451.6
2024-11-16 16:06:00,1418.5
2024-11-16 16:09:00,1467.1
2024-11-16 16:12:00,1515.6
2024-11-16 16:15:00,1560.4
2024-11-16 16:18:00,1563.4
2024-11-16 16:21:00,1564.9
2024-11-16 16:24:00,1584.8
2024-11-16 16:27:00,1578.8
2024-11-16 16:30:00,1550
2024-11-16 16:33:00,1593.8
2024-11-16 16:36:00,1614.4
2024-11-16 16:39:00,1597.1
2024-11-16 16:42:00,1629.6
2024-11-16 16:45:00,1570.4
2024-11-16 16:48:00,1502.9
2024-11-16 16:51:00,1511.7
2024-11-16 16:54:00,1524.9
2024-11-16 16:57:00,1560.2
2024-11-16 17:00:00,1585.2
2024-11-16 17:03:00,1533.2
2024-11-16 17:06:00,1580.6
2024-11-16 17:09:00,1571.6
2024-11-16 17:12:00,1589.1
2024-11-16 17:15:00,1570.8
2024-11-16 17:18:00,1609.1
2024-11-16 17:21:00,1592
2024-11-16 17:24:00,1629.5
2024-11-16 17:27:00,1597.5
2024-11-16 17:30:00,1609.1
2024-11-16 17:33:00,1652
2024-11-16 17:36:00,1717.3
2024-11-16 17:39:00,1769.8
2024-11-16 17:42:00,1764
2024-11-16 17:45:00,1781.5
2024-11-16 17:48:00,1775.3
2024-11-16 17:51:00,1790.9
2024-11-16 17:54:00,1797.4
2024-11-16 17:57:00,1806.9
2024-11-16 18:00:00,1823
2024-11-16 18:03:00,1846.5
2024-11-16 18:06:00,1870.4
2024-11-16 18:09:00,1871.4
2024-11-16 18:12:00,1911.7
2024-11-16 18:15:00,1949.4
2024-11-16 18:18:00,1928.5
2024-11-16 18:21:00,1920.7
2024-11-16 18:24:00,1938.8
2024-11-16 18:27:00,1943.5
2024-11-16 18:30:00,1925.7
2024-11-16 18:33:00,1897.2
2024-11-16 18:36:00,1933.1
2024-11-16 18:39:00,1902.9
2024-11-16 18:42:00,1897.8
2024-11-16 18:45:00,1942.1
2024-11-16 18:48:00,1975.4
2024-11-16 18:51:00,2009.8
2024-11-16 18:54:00,2000.6
2024-11-16 18:57:00,2055.2
2024-11-16 19:00:00,2109.7
2024-11-16 19:03:00,2161.5
2024-11-16 19:06:00,2180.3
2024-11-16 19:09:00,2137.2
2024-11-16 19:12:00,2114.4
2024-11-16 19:15:00,2080.2
2024-11-16 19:18:00,2045.3
2024-11-16 19:21:00,2050.2
2024-11-16 19:24:00,2064.4
2024-11-16 19:27:00,2106.4
2024-11-16 19:30:00,2099.7
2024-11-16 19:33:00,2099.9
2024-11-16 19:36:00,2146.1
2024-11-16 19:39:00,2140.1
2024-11-16 19:42:00,2135.7
2024-11-16 19:45:00,2098.1
2024-11-16 19:48:00,2162.6
2024-11-16 19:51:00,2202.6
2024-11-16 19:54:00,2228.3
2024-11-16 19:57:00,2222.7
2024-11-16 20:00:00,2251.9
2024-11-16 20:03:00,2182.8
2024-11-16 20:06:00,2078.5
2024-11-16 20:09:00,2016.8
2024-11-16 20:12:00,2001.2
2024-11-16 20:15:00,2023
2024-11-16 20:18:00,2013.3
2024-11-16 20:21:00,1984.3
2024-11-16 20:24:00,1966.3
2024-11-16 20:27:00,1959.1
2024-11-16 20:30:00,1958.2
2024-11-16 20:33:00,1915.6
2024-11-16 20:36:00,1853.9
2024-11-16 20:39:00,1861.6
2024-11-16 20:42:00,1864.5
2024-11-16 20:45:00,1862.2
2024-11-16 20:48:00,1846.1
2024-11-16 20:51:00,1873.6
2024-11-16 20:54:00,1896.3
2024-11-16 20:57:00,1908.9
2024-11-16 21:00:00,1862.4
2024-11-16 21:03:00,1847.4
2024-11-16 21:06:00,1829.8
2024-11-16 21:09:00,1848.7
2024-11-16 21:12:00,1867.1
2024-11-16 21:15:00,1916
2024-11-16 21:18:00,1945.8
2024-11-16 21:21:00,1951.1
2024-11-16 21:24:00,1984
2024-11-16 21:27:00,2019.9
2024-11-16 21:30:00,2035
2024-11-16 21:33:00,2027.8
2024-11-16 21:36:00,2067.3
2024-11-16 21:39:00,2140
2024-11-16 21:42:00,2141.1
2024-11-16 21:45:00,2142.3
2024-11-16 21:48:00,2192.9
2024-11-16 21:51:00,2230.8
2024-11-16 21:54:00,2240.2
2024-11-16 21:57:00,2259.8
2024-11-16 22:00:00,2302.2
2024-11-16 22:03:00,2223.1
2024-11-16 22:06:00,2252.1
2024-11-16 22:09:00,2246.5
2024-11-16 22:12:00,2259.2
2024-11-16 22:15:00,2256.6
2024-11-16 22:18:00,2259.7
2024-11-16 22:21:00,2300.2
2024-11-16 22:24:00,2256
2024-11-16 22:27:00,2251.3
2024-11-16 22:30:00,2217
2024-11-16 22:33:00,2199.8
2024-11-16 22:36:00,2151.4
2024-11-16 22:39:00,2160.2
2024-11-16 22:42:00,2194.2
2024-11-16 22:45:00,2202.5
2024-11-16 22:48:00,2237.9
2024-11-16 22:51:00,2297
2024-11-16 22:54:00,2312
2024-11-16 22:57:00,2289.4
2024-11-16 23:00:00,2300.3
2024-11-16 23:03:00,2278
2024-11-16 23:06:00,2295
2024-11-16 23:09:00,2334.4
2024-11-16 23:12:00,2423.8
2024-11-16 23:15:00,2456.6
2024-11-16 23:18:00,2382.4
2024-11-16 23:21:00,2412.4
2024-11-16 23:24:00,2342.1
2024-11-16 23:27:00,2279.2
2024-11-16 23:30:00,2213
2024-11-16 23:33:00,2243.8
2024-11-16 23:36:00,2252.7
2024-11-16 23:39:00,2253.2
2024-11-16 23:42:00,2215.2
2024-11-16 23:45:00,2072.4
2024-11-16 23:48:00,2050.1
2024-11-16 23:51:00,2071.8
2024-11-16 23:54:00,2095.2
2024-11-16 23:57:00,2066.8
2024-11-17 00:00:00,1706.8
2024-11-17 00:03:00,1600.4
2024-11-17 00:06:00,1583.2
2024-11-17 00:09:00,1603.2
2024-11-17 00:12:00,1589.1
2024-11-17 00:15:00,1531.4
2024-11-17 00:18:00,1628.4
2024-11-17 00:21:00,1613.7
2024-11-17 00:24:00,1541.1
2024-11-17 00:27:00,1701.6
2024-11-17 00:30:00,1786.5
2024-11-17 00:33:00,1783.2
2024-11-17 00:36:00,1805.9
2024-11-17 00:39:00,1842.7
2024-11-17 00:42:00,1819.7
2024-11-17 00:45:00,1820.6
2024-11-17 00:48:00,1841.6
2024-11-17 00:51:00,1828.3
2024-11-17 00:54:00,1789.8
2024-11-17 00:57:00,1826.1
2024-11-17 01:00:00,1775.2
2024-11-17 01:03:00,1713.5
2024-11-17 01:06:00,1672.5
2024-11-17 01:09:00,1665.2
2024-11-17 01:12:00,1600.8
2024-11-17 01:15:00,1597
2024-11-17 01:18:00,1576.6
2024-11-17 01:21:00,1598.4
2024-11-17 01:24:00,1643.2
2024-11-17 01:27:00,1623.2
2024-11-17 01:30:00,1536.9
2024-11-17 01:33:00,1467.3
2024-11-17 01:36:00,1416.6
2024-11-17 01:39:00,1383.6
2024-11-17 01:42:00,1368.3
2024-11-17 01:45:00,1330.8
2024-11-17 01:48:00,1260.9
2024-11-17 01:51:00,1119.9
2024-11-17 01:54:00,1103.3
2024-11-17 01:57:00,1110.8
2024-11-17 02:00:00,1295
2024-11-17 02:03:00,1498.4
2024-11-17 02:06:00,1492.2
2024-11-17 02:09:00,1462.6
2024-11-17 02:12:00,1445.1
2024-11-17 02:15:00,1420.6
2024-11-17 02:18:00,1435.6
2024-11-17 02:21:00,1462
2024-11-17 02:24:00,1494.1
2024-11-17 02:27:00,1508.1
2024-11-17 02:30:00,1535.9
2024-11-17 02:33:00,1521.2
2024-11-17 02:36:00,1499.5
2024-11-17 02:39:00,1406.7
2024-11-17 02:42:00,1385.6
2024-11-17 02:45:00,1361
2024-11-17 02:48:00,1381
2024-11-17 02:51:00,1409
2024-11-17 02:54:00,1388.2
2024-11-17 02:57:00,1439.2
2024-11-17 03:00:00,1487.2
2024-11-17 03:03:00,1378
2024-11-17 03:06:00,1296
2024-11-17 03:09:00,1255.2
2024-11-17 03:12:00,1315.1
2024-11-17 03:15:00,1311.7
2024-11-17 03:18:00,1316.3
2024-11-17 03:21:00,1296.4
2024-11-17 03:24:00,1266.6
2024-11-17 03:27:00,1292.9
2024-11-17 03:30:00,1324.9
2024-11-17 03:33:00,1312.2
2024-11-17 03:36:00,1293.4
2024-11-17 03:39:00,1250.7
2024-11-17 03:42:00,1196.8
2024-11-17 03:45:00,1195.9
2024-11-17 03:48:00,1160.4
2024-11-17 03:51:00,1153.6
2024-11-17 03:54:00,1176.7
2024-11-17 03:57:00,1127.4
2024-11-17 04:00:00,1124.7
2024-11-17 04:03:00,1101.8
2024-11-17 04:06:00,1047.1
2024-11-17 04:09:00,1042.7
2024-11-17 04:12:00,1019.8
2024-11-17 04:15:00,944.82
2024-11-17 04:18:00,926.22
2024-11-17 04:21:00,884.39
2024-11-17 04:24:00,923.11
2024-11-17 04:27:00,924.85
2024-11-17 04:30:00,871.43
2024-11-17 04:33:00,848.63
2024-11-17 04:36:00,784.15
2024-11-17 04:39:00,819.68
2024-11-17 04:42:00,744.36
2024-11-17 04:45:00,692.24
2024-11-17 04:48:00,651.64
2024-11-17 04:51:00,679.64
2024-11-17 04:54:00,604.22
2024-11-17 04:57:00,588.44
2024-11-17 05:00:00,556.93
2024-11-17 05:03:00,489.37
2024-11-17 05:06:00,416.49
2024-11-17 05:09:00,476.07
2024-11-17 05:12:00,443.4
2024-11-17 05:15:00,426.89
2024-11-17 05:18:00,443.3
2024-11-17 05:21:00,444.48
2024-11-17 05:24:00,368.57
2024-11-17 05:27:00,299.26
2024-11-17 05:30:00,299.88
2024-11-17 05:33:00,263.84
2024-11-17 05:36:00,246.58
2024-11-17 05:39:00,201.59
2024-11-17 05:42:00,113.83
2024-11-17 05:45:00,119.85
2024-11-17 05:48:00,78.846
2024-11-17 05:51:00,83.82
2024-11-17 05:54:00,78.265
2024-11-17 05:57:00,18.622
2024-11-17 06:00:00,-2.9704
2024-11-17 06:03:00,-12.172
2024-11-17 06:06:00,-92.827
2024-11-17 06:09:00,-159.26
2024-11-17 06:12:00,-207.1
2024-11-17 06:15:00,-276.72
2024-11-17 06:18:00,-261.47
2024-11-17 06:21:00,-244.38
2024-11-17 06:24:00,-221.82
2024-11-17 06:27:00,-192.8
2024-11-17 06:30:00,-224.39
2024-11-17 06:33:00,-224.33
2024-11-17 06:36:00,-226.38
2024-11-17 06:39:00,-261.93
2024-11-17 06:42:00,-299.01
2024-11-17 06:45:00,-398.07
2024-11-17 06:48:00,-432.47
2024-11-17 06:51:00,-436.98
2024-11-17 06:54:00,-377.37
2024-11-17 06:57:00,-302.71
2024-11-17 07:00:00,-226.34
2024-11-17 07:03:00,-190.76
2024-11-17 07:06:00,-116.74
2024-11-17 07:09:00,-42.052
2024-11-17 07:12:00,-16.125
2024-11-17 07:15:00,-59.991
2024-11-17 07:18:00,-120.71
2024-11-17 07:21:00,-148.3
2024-11-17 07:24:00,-188.03
2024-11-17 07:27:00,-164.78
2024-11-17 07:30:00,-203.39
2024-11-17 07:33:00,-106.16
2024-11-17 07:36:00,-170.25
2024-11-17 07:39:00,-228.26
2024-11-17 07:42:00,-215.32
2024-11-17 07:45:00,-219.86
2024-11-17 07:48:00,-227.45
2024-11-17 07:51:00,-244.36
2024-11-17 07:54:00,-288.87
2024-11-17 07:57:00,-322.85
2024-11-17 08:00:00,-474.88
2024-11-17 08:03:00,-515.24
2024-11-17 08:06:00,-507.23
2024-11-17 08:09:00,-467.51
2024-11-17 08:12:00,-573.1
2024-11-17 08:15:00,-606.07
2024-11-17 08:18:00,-562.28
2024-11-17 08:21:00,-512.47
2024-11-17 08:24:00,-448.95
2024-11-17 08:27:00,-447.46
2024-11-17 08:30:00,-448.97
2024-11-17 08:33:00,-518.55
2024-11-17 08:36:00,-607.6
2024-11-17 08:39:00,-672.9
2024-11-17 08:42:00,-743.34
2024-11-17 08:45:00,-744.87
2024-11-17 08:48:00,-710.4
2024-11-17 08:51:00,-619.19
2024-11-17 08:54:00,-598.38
2024-11-17 08:57:00,-653.57
2024-11-17 09:00:00,-670.37
2024-11-17 09:03:00,-664.17
2024-11-17 09:06:00,-667.15
2024-11-17 09:09:00,-709.71
2024-11-17 09:12:00,-775.8
2024-11-17 09:15:00,-816.75
2024-11-17 09:18:00,-867.51
2024-11-17 09:21:00,-887.82
2024-11-17 09:24:00,-778.13
2024-11-17 09:27:00,-830.25
2024-11-17 09:30:00,-864.9
2024-11-17 09:33:00,-852.24
2024-11-17 09:36:00,-787.96
2024-11-17 09:39:00,-778.8
2024-11-17 09:42:00,-731.87
2024-11-17 09:45:00,-755.97
2024-11-17 09:48:00,-818.47
2024-11-17 09:51:00,-765.47
2024-11-17 09:54:00,-776.44
2024-11-17 09:57:00,-810.24
2024-11-17 10:00:00,-788.77
2024-11-17 10:03:00,-789.5
2024-11-17 10:06:00,-792.31
2024-11-17 10:09:00,-730.03
2024-11-17 10:12:00,-743.75
2024-11-17 10:15:00,-759.94
2024-11-17 10:18:00,-732.72
2024-11-17 10:21:00,-742.65
2024-11-17 10:24:00,-766.29
2024-11-17 10:27:00,-811.67
2024-11-17 10:30:00,-794.62
2024-11-17 10:33:00,-741.92
2024-11-17 10:36:00,-719.62
2024-11-17 10:39:00,-698.35
2024-11-17 10:42:00,-709.73
2024-11-17 10:45:00,-720.57
2024-11-17 10:48:00,-761.68
2024-11-17 10:51:00,-732.57
2024-11-17 10:54:00,-780.01
2024-11-17 10:57:00,-826.43
2024-11-17 11:00:00,-818.97
2024-11-17 11:03:00,-876.76
2024-11-17 11:06:00,-928.7
2024-11-17 11:09:00,-981.06
2024-11-17 11:12:00,-986.34
2024-11-17 11:15:00,-1009.6
2024-11-17 11:18:00,-988.86
2024-11-17 11:21:00,-989.64
2024-11-17 11:24:00,-995.55
2024-11-17 11:27:00,-1055
2024-11-17 11:30:00,-1073.8
2024-11-17 11:33:00,-1026.9
2024-11-17 11:36:00,-1012.5
2024-11-17 11:39:00,-1070.2
2024-11-17 11:42:00,-1071.6
2024-11-17 11:45:00,-1100.9
2024-11-17 11:48:00,-1063.5
2024-11-17 11:51:00,-1130
2024-11-17 11:54:00,-1149.3
2024-11-17 11:57:00,-1189.4
2024-11-17 12:00:00,-1149.9
2024-11-17 12:03:00,-1064.2
2024-11-17 12:06:00,-1099.6
2024-11-17 12:09:00,-1156.7
2024-11-17 12:12:00,-1169.7
2024-11-17 12:15:00,-1147.6
2024-11-17 12:18:00,-1096.2
2024-11-17 12:21:00,-1107.1
2024-11-17 12:24:00,-1077.9
2024-11-17 12:27:00,-1103.2
2024-11-17 12:30:00,-1128.8
2024-11-17 12:33:00,-1140.9
2024-11-17 12:36:00,-1075.7
2024-11-17 12:39:00,-1142.7
2024-11-17 12:42:00,-1171.5
2024-11-17 12:45:00,-1137.4
2024-11-17 12:48:00,-1166.5
2024-11-17 12:51:00,-1243
2024-11-17 12:54:00,-1275.6
2024-11-17 12:57:00,-1307.1
2024-11-17 13:00:00,-1298.5
2024-11-17 13:03:00,-1298.6
2024-11-17 13:06:00,-1302.9
2024-11-17 13:09:00,-1199.1
2024-11-17 13:12:00,-1242.7
2024-11-17 13:15:00,-1260.3
2024-11-17 13:18:00,-1236.1
2024-11-17 13:21:00,-1239
2024-11-17 13:24:00,-1231.7
2024-11-17 13:27:00,-1275.3
2024-11-17 13:30:00,-1304.5
2024-11-17 13:33:00,-1317.3
2024-11-17 13:36:00,-1305.9
2024-11-17 13:39:00,-1336.4
2024-11-17 13:42:00,-1319.5
2024-11-17 13:45:00,-1287.3
2024-11-17 13:48:00,-1284.7
2024-11-17 13:51:00,-1382.2
2024-11-17 13:54:00,-1374.3
2024-11-17 13:57:00,-1304.9
2024-11-17 14:00:00,-1291
2024-11-17 14:03:00,-1235.1
2024-11-17 14:06:00,-1130.7
2024-11-17 14:09:00,-1124.4
2024-11-17 14:12:00,-1156.6
2024-11-17 14:15:00,-1157.5
2024-11-17 14:18:00,-1145.5
2024-11-17 14:21:00,-1128.6
2024-11-17 14:24:00,-1167.9
2024-11-17 14:27:00,-2301.8
2024-11-17 14:30:00,-2357.5
2024-11-17 14:33:00,-2145.2
2024-11-17 14:36:00,-2053.7
2024-11-17 14:39:00,-1927.1
2024-11-17 14:42:00,-1804.9
2024-11-17 14:45:00,-1637
2024-11-17 14:48:00,-1582.5
2024-11-17 14:51:00,-1335.1
2024-11-17 14:54:00,-1417.2
2024-11-17 14:57:00,-1244.4
2024-11-17 15:00:00,-1173.1
2024-11-17 15:03:00,-1211
2024-11-17 15:06:00,-1259.3
2024-11-17 15:09:00,-1374.7
2024-11-17 15:12:00,-1350.8
2024-11-17 15:15:00,-1372.8
2024-11-17 15:18:00,-1425.1
2024-11-17 15:21:00,-1348.3
2024-11-17 15:24:00,-1319.4
2024-11-17 15:27:00,-1327.2
2024-11-17 15:30:00,-1342.4
2024-11-17 15:33:00,-1379.5
2024-11-17 15:36:00,-1337.1
2024-11-17 15:39:00,-1400
2024-11-17 15:42:00,-1401.5
2024-11-17 15:45:00,-1437.9
2024-11-17 15:48:00,-1475.6
2024-11-17 15:51:00,-1506.1
2024-11-17 15:54:00,-1535.9
2024-11-17 15:57:00,-1602.5
2024-11-17 16:00:00,-1638
2024-11-17 16:03:00,-1817.3
2024-11-17 16:06:00,-1814.4
2024-11-17 16:09:00,-1839.7
2024-11-17 16:12:00,-1880.5
2024-11-17 16:15:00,-1906.7
2024-11-17 16:18:00,-2012
2024-11-17 16:21:00,-2079.4
2024-11-17 16:24:00,-2142.5
2024-11-17 16:27:00,-2158.7
2024-11-17 16:30:00,-2192.6
2024-11-17 16:33:00,-2179.9
2024-11-17 16:36:00,-2161.4
2024-11-17 16:39:00,-2160.3
2024-11-17 16:42:00,-2180.7
2024-11-17 16:45:00,-2118.3
2024-11-17 16:48:00,-2159.5
2024-11-17 16:51:00,-2176
2024-11-17 16:54:00,-2208.6
2024-11-17 16:57:00,-2215.3
2024-11-17 17:00:00,-2210.1
2024-11-17 17:03:00,-2209.1
2024-11-17 17:06:00,-2181.9
2024-11-17 17:09:00,-2119
2024-11-17 17:12:00,-2144.5
2024-11-17 17:15:00,-2099.8
2024-11-17 17:18:00,-2116.9
2024-11-17 17:21:00,-2198.4
2024-11-17 17:24:00,-2260.4
2024-11-17 17:27:00,-2299.7
2024-11-17 17:30:00,-2318
2024-11-17 17:33:00,-2308.9
2024-11-17 17:36:00,-2256.4
2024-11-17 17:39:00,-2220.7
2024-11-17 17:42:00,-2181
2024-11-17 17:45:00,-2106.5
2024-11-17 17:48:00,-2126.9
2024-11-17 17:51:00,-2066
2024-11-17 17:54:00,-2095.8
2024-11-17 17:57:00,-2100.7
2024-11-17 18:00:00,-2103.1
2024-11-17 18:03:00,-2114
2024-11-17 18:06:00,-2169.2
2024-11-17 18:09:00,-2154.3
2024-11-17 18:12:00,-2159.4
2024-11-17 18:15:00,-2155.6
2024-11-17 18:18:00,-2112
2024-11-17 18:21:00,-2183.5
2024-11-17 18:24:00,-2163.3
2024-11-17 18:27:00,-2125.8
2024-11-17 18:30:00,-2116.2
2024-11-17 18:33:00,-2065.2
2024-11-17 18:36:00,-2079.4
2024-11-17 18:39:00,-2119.3
2024-11-17 18:42:00,-2175.9
2024-11-17 18:45:00,-2150.4
2024-11-17 18:48:00,-2207.2
2024-11-17 18:51:00,-2269.3
2024-11-17 18:54:00,-2289.1
2024-11-17 18:57:00,-2272.2
2024-11-17 19:00:00,-2321.5
2024-11-17 19:03:00,-2264.1
2024-11-17 19:06:00,-2253.1
2024-11-17 19:09:00,-2188.5
2024-11-17 19:12:00,-2192.4
2024-11-17 19:15:00,-2212.5
2024-11-17 19:18:00,-2227.7
2024-11-17 19:21:00,-2275.5
2024-11-17 19:24:00,-2301.5
2024-11-17 19:27:00,-2302.2
2024-11-17 19:30:00,-2250.7
